DATE,Windchill
2005/1/1,38.62071983
2005/1/2,71.72419397
2005/1/3,24.8276056
2005/1/4,44.13796552
2005/1/5,68.96557112
2005/1/6,77.24143966
2005/1/7,74.48281681
2005/1/8,74.48281681
2005/1/9,77.24143966
2005/1/10,57.93107974
2005/1/11,77.24143966
2005/1/12,71.72419397
2005/1/13,41.37934267
2005/1/14,38.62071983
2005/1/15,96.55179957
2005/1/16,99.31042241
2005/1/17,113.1035366
2005/1/18,140.6897651
2005/1/19,132.4138966
2005/1/20,107.5862909
2005/1/21,137.9311422
2005/1/22,140.6897651
2005/1/23,132.4138966
2005/1/24,135.1725194
2005/1/25,113.1035366
2005/1/26,104.8276681
2005/1/27,137.9311422
2005/1/28,137.9311422
2005/1/29,121.3794052
2005/1/30,88.27593103
2005/1/31,93.79317672
2005/2/1,96.55179957
2005/2/2,88.27593103
2005/2/3,77.24143966
2005/2/4,66.20694828
2005/2/5,55.1724569
2005/2/6,60.68970259
2005/2/7,63.44832543
2005/2/8,63.44832543
2005/2/9,55.1724569
2005/2/10,74.48281681
2005/2/11,85.51730819
2005/2/12,80.0000625
2005/2/13,80.0000625
2005/2/14,66.20694828
2005/2/15,44.13796552
2005/2/16,52.41383405
2005/2/17,85.51730819
2005/2/18,110.3449138
2005/2/19,113.1035366
2005/2/20,88.27593103
2005/2/21,91.03455388
2005/2/22,5.51724569
2005/2/23,85.51730819
2005/2/24,107.5862909
2005/2/25,104.8276681
2005/2/26,102.0690453
2005/2/27,96.55179957
2005/2/28,91.03455388
2005/3/1,88.27593103
2005/3/2,91.03455388
2005/3/3,102.0690453
2005/3/4,96.55179957
2005/3/5,93.79317672
2005/3/6,82.75868534
2005/3/7,52.41383405
2005/3/8,88.27593103
2005/3/9,115.8621595
2005/3/10,107.5862909
2005/3/11,66.20694828
2005/3/12,77.24143966
2005/3/13,80.0000625
2005/3/14,82.75868534
2005/3/15,77.24143966
2005/3/16,74.48281681
2005/3/17,71.72419397
2005/3/18,68.96557112
2005/3/19,66.20694828
2005/3/20,71.72419397
2005/3/21,66.20694828
2005/3/22,60.68970259
2005/3/23,74.48281681
2005/3/24,74.48281681
2005/3/25,68.96557112
2005/3/26,68.96557112
2005/3/27,57.93107974
2005/3/28,66.20694828
2005/3/29,35.86209698
2005/3/30,35.86209698
2005/3/31,52.41383405
2005/4/1,35.86209698
2005/4/2,41.37934267
2005/4/3,52.41383405
2005/4/4,44.13796552
2005/4/5,27.58622845
2005/4/6,11.03449138
2005/4/7,2.758622845
2005/4/8,30.34485129
2005/4/9,30.34485129
2005/4/10,24.8276056
2005/4/11,38.62071983
2005/4/12,49.65521121
2005/4/13,44.13796552
2005/4/14,33.10347414
2005/4/15,41.37934267
2005/4/16,46.89658836
2005/4/17,27.58622845
2005/4/18,0
2005/4/19,2.758622845
2005/4/20,0
2005/4/21,16.55173707
2005/4/22,35.86209698
2005/4/23,27.58622845
2005/4/24,38.62071983
2005/4/25,49.65521121
2005/4/26,24.8276056
2005/4/27,13.79311422
2005/4/28,22.06898276
2005/4/29,35.86209698
2005/4/30,27.58622845
2005/5/1,27.58622845
2005/5/2,33.10347414
2005/5/3,44.13796552
2005/5/4,38.62071983
2005/5/5,33.10347414
2005/5/6,41.37934267
2005/5/7,24.8276056
2005/5/8,22.06898276
2005/5/9,8.275868534
2005/5/10,19.31035991
2005/5/11,2.758622845
2005/5/12,16.55173707
2005/5/13,30.34485129
2005/5/14,0
2005/5/15,0
2005/5/16,0
2005/5/17,11.03449138
2005/5/18,11.03449138
2005/5/19,16.55173707
2005/5/20,30.34485129
2005/5/21,19.31035991
2005/5/22,22.06898276
2005/5/23,27.58622845
2005/5/24,24.8276056
2005/5/25,35.86209698
2005/5/26,22.06898276
2005/5/27,0
2005/5/28,0
2005/5/29,0
2005/5/30,2.758622845
2005/5/31,0
2005/6/1,2.758622845
2005/6/2,5.51724569
2005/6/3,2.758622845
2005/6/4,0
2005/6/5,0
2005/6/6,0
2005/6/7,0
2005/6/8,0
2005/6/9,0
2005/6/10,0
2005/6/11,0
2005/6/12,0
2005/6/13,0
2005/6/14,0
2005/6/15,0
2005/6/16,0
2005/6/17,0
2005/6/18,0
2005/6/19,0
2005/6/20,0
2005/6/21,0
2005/6/22,0
2005/6/23,0
2005/6/24,0
2005/6/25,0
2005/6/26,0
2005/6/27,0
2005/6/28,0
2005/6/29,0
2005/6/30,0
2005/7/1,0
2005/7/2,0
2005/7/3,0
2005/7/4,0
2005/7/5,0
2005/7/6,0
2005/7/7,0
2005/7/8,0
2005/7/9,0
2005/7/10,0
2005/7/11,0
2005/7/12,0
2005/7/13,0
2005/7/14,0
2005/7/15,0
2005/7/16,0
2005/7/17,0
2005/7/18,0
2005/7/19,0
2005/7/20,0
2005/7/21,0
2005/7/22,0
2005/7/23,0
2005/7/24,0
2005/7/25,0
2005/7/26,0
2005/7/27,0
2005/7/28,0
2005/7/29,0
2005/7/30,0
2005/7/31,0
2005/8/1,0
2005/8/2,0
2005/8/3,0
2005/8/4,0
2005/8/5,0
2005/8/6,0
2005/8/7,0
2005/8/8,0
2005/8/9,0
2005/8/10,0
2005/8/11,0
2005/8/12,0
2005/8/13,0
2005/8/14,0
2005/8/15,0
2005/8/16,0
2005/8/17,0
2005/8/18,0
2005/8/19,0
2005/8/20,0
2005/8/21,0
2005/8/22,0
2005/8/23,0
2005/8/24,0
2005/8/25,0
2005/8/26,0
2005/8/27,0
2005/8/28,0
2005/8/29,0
2005/8/30,0
2005/8/31,0
2005/9/1,0
2005/9/2,0
2005/9/3,0
2005/9/4,0
2005/9/5,0
2005/9/6,0
2005/9/7,0
2005/9/8,0
2005/9/9,0
2005/9/10,0
2005/9/11,0
2005/9/12,0
2005/9/13,0
2005/9/14,0
2005/9/15,0
2005/9/16,0
2005/9/17,0
2005/9/18,0
2005/9/19,0
2005/9/20,0
2005/9/21,0
2005/9/22,0
2005/9/23,0
2005/9/24,2.758622845
2005/9/25,2.758622845
2005/9/26,0
2005/9/27,0
2005/9/28,5.51724569
2005/9/29,0
2005/9/30,8.275868534
2005/10/1,16.55173707
2005/10/2,0
2005/10/3,0
2005/10/4,0
2005/10/5,0
2005/10/6,0
2005/10/7,0
2005/10/8,2.758622845
2005/10/9,5.51724569
2005/10/10,19.31035991
2005/10/11,11.03449138
2005/10/12,27.58622845
2005/10/13,19.31035991
2005/10/14,13.79311422
2005/10/15,0
2005/10/16,19.31035991
2005/10/17,24.8276056
2005/10/18,19.31035991
2005/10/19,16.55173707
2005/10/20,30.34485129
2005/10/21,33.10347414
2005/10/22,41.37934267
2005/10/23,49.65521121
2005/10/24,55.1724569
2005/10/25,55.1724569
2005/10/26,55.1724569
2005/10/27,60.68970259
2005/10/28,55.1724569
2005/10/29,57.93107974
2005/10/30,27.58622845
2005/10/31,33.10347414
2005/11/1,27.58622845
2005/11/2,44.13796552
2005/11/3,33.10347414
2005/11/4,27.58622845
2005/11/5,11.03449138
2005/11/6,19.31035991
2005/11/7,27.58622845
2005/11/8,30.34485129
2005/11/9,33.10347414
2005/11/10,0
2005/11/11,66.20694828
2005/11/12,60.68970259
2005/11/13,35.86209698
2005/11/14,22.06898276
2005/11/15,27.58622845
2005/11/16,13.79311422
2005/11/17,66.20694828
2005/11/18,82.75868534
2005/11/19,68.96557112
2005/11/20,57.93107974
2005/11/21,63.44832543
2005/11/22,68.96557112
2005/11/23,93.79317672
2005/11/24,80.0000625
2005/11/25,102.0690453
2005/11/26,96.55179957
2005/11/27,57.93107974
2005/11/28,27.58622845
2005/11/29,5.51724569
2005/11/30,0
2005/12/1,63.44832543
2005/12/2,77.24143966
2005/12/3,91.03455388
2005/12/4,102.0690453
2005/12/5,96.55179957
2005/12/6,91.03455388
2005/12/7,102.0690453
2005/12/8,104.8276681
2005/12/9,91.03455388
2005/12/10,107.5862909
2005/12/11,104.8276681
2005/12/12,99.31042241
2005/12/13,124.138028
2005/12/14,132.4138966
2005/12/15,113.1035366
2005/12/16,55.1724569
2005/12/17,82.75868534
2005/12/18,85.51730819
2005/12/19,96.55179957
2005/12/20,104.8276681
2005/12/21,104.8276681
2005/12/22,96.55179957
2005/12/23,66.20694828
2005/12/24,63.44832543
2005/12/25,68.96557112
2005/12/26,60.68970259
2005/12/27,77.24143966
2005/12/28,71.72419397
2005/12/29,55.1724569
2005/12/30,71.72419397
2005/12/31,91.03455388
2006/1/1,82.75868534
2006/1/2,74.48281681
2006/1/3,77.24143966
2006/1/4,85.51730819
2006/1/5,60.68970259
2006/1/6,82.75868534
2006/1/7,99.31042241
2006/1/8,71.72419397
2006/1/9,44.13796552
2006/1/10,66.20694828
2006/1/11,63.44832543
2006/1/12,44.13796552
2006/1/13,63.44832543
2006/1/14,57.93107974
2006/1/15,118.6207823
2006/1/16,115.8621595
2006/1/17,96.55179957
2006/1/18,49.65521121
2006/1/19,71.72419397
2006/1/20,49.65521121
2006/1/21,44.13796552
2006/1/22,80.0000625
2006/1/23,80.0000625
2006/1/24,80.0000625
2006/1/25,74.48281681
2006/1/26,99.31042241
2006/1/27,85.51730819
2006/1/28,60.68970259
2006/1/29,66.20694828
2006/1/30,38.62071983
2006/1/31,68.96557112
2006/2/1,77.24143966
2006/2/2,63.44832543
2006/2/3,38.62071983
2006/2/4,55.1724569
2006/2/5,52.41383405
2006/2/6,80.0000625
2006/2/7,77.24143966
2006/2/8,93.79317672
2006/2/9,99.31042241
2006/2/10,93.79317672
2006/2/11,93.79317672
2006/2/12,110.3449138
2006/2/13,107.5862909
2006/2/14,96.55179957
2006/2/15,71.72419397
2006/2/16,55.1724569
2006/2/17,55.1724569
2006/2/18,110.3449138
2006/2/19,96.55179957
2006/2/20,99.31042241
2006/2/21,93.79317672
2006/2/22,85.51730819
2006/2/23,71.72419397
2006/2/24,85.51730819
2006/2/25,77.24143966
2006/2/26,115.8621595
2006/2/27,115.8621595
2006/2/28,104.8276681
2006/3/1,85.51730819
2006/3/2,102.0690453
2006/3/3,104.8276681
2006/3/4,91.03455388
2006/3/5,74.48281681
2006/3/6,80.0000625
2006/3/7,80.0000625
2006/3/8,71.72419397
2006/3/9,46.89658836
2006/3/10,19.31035991
2006/3/11,27.58622845
2006/3/12,41.37934267
2006/3/13,22.06898276
2006/3/14,41.37934267
2006/3/15,68.96557112
2006/3/16,68.96557112
2006/3/17,74.48281681
2006/3/18,82.75868534
2006/3/19,82.75868534
2006/3/20,85.51730819
2006/3/21,85.51730819
2006/3/22,74.48281681
2006/3/23,60.68970259
2006/3/24,57.93107974
2006/3/25,57.93107974
2006/3/26,60.68970259
2006/3/27,49.65521121
2006/3/28,49.65521121
2006/3/29,46.89658836
2006/3/30,30.34485129
2006/3/31,22.06898276
2006/4/1,2.758622845
2006/4/2,22.06898276
2006/4/3,44.13796552
2006/4/4,82.75868534
2006/4/5,66.20694828
2006/4/6,55.1724569
2006/4/7,38.62071983
2006/4/8,49.65521121
2006/4/9,49.65521121
2006/4/10,41.37934267
2006/4/11,33.10347414
2006/4/12,24.8276056
2006/4/13,0
2006/4/14,16.55173707
2006/4/15,0
2006/4/16,19.31035991
2006/4/17,33.10347414
2006/4/18,16.55173707
2006/4/19,11.03449138
2006/4/20,0
2006/4/21,30.34485129
2006/4/22,55.1724569
2006/4/23,35.86209698
2006/4/24,30.34485129
2006/4/25,19.31035991
2006/4/26,38.62071983
2006/4/27,22.06898276
2006/4/28,30.34485129
2006/4/29,33.10347414
2006/4/30,27.58622845
2006/5/1,19.31035991
2006/5/2,19.31035991
2006/5/3,11.03449138
2006/5/4,0
2006/5/5,0
2006/5/6,5.51724569
2006/5/7,27.58622845
2006/5/8,19.31035991
2006/5/9,16.55173707
2006/5/10,5.51724569
2006/5/11,16.55173707
2006/5/12,16.55173707
2006/5/13,11.03449138
2006/5/14,24.8276056
2006/5/15,22.06898276
2006/5/16,11.03449138
2006/5/17,11.03449138
2006/5/18,0
2006/5/19,22.06898276
2006/5/20,19.31035991
2006/5/21,16.55173707
2006/5/22,27.58622845
2006/5/23,27.58622845
2006/5/24,8.275868534
2006/5/25,0
2006/5/26,0
2006/5/27,0
2006/5/28,0
2006/5/29,0
2006/5/30,0
2006/5/31,0
2006/6/1,0
2006/6/2,0
2006/6/3,5.51724569
2006/6/4,5.51724569
2006/6/5,0
2006/6/6,2.758622845
2006/6/7,11.03449138
2006/6/8,0
2006/6/9,0
2006/6/10,11.03449138
2006/6/11,11.03449138
2006/6/12,2.758622845
2006/6/13,0
2006/6/14,0
2006/6/15,0
2006/6/16,0
2006/6/17,0
2006/6/18,0
2006/6/19,0
2006/6/20,0
2006/6/21,0
2006/6/22,0
2006/6/23,0
2006/6/24,0
2006/6/25,0
2006/6/26,0
2006/6/27,0
2006/6/28,0
2006/6/29,0
2006/6/30,0
2006/7/1,0
2006/7/2,0
2006/7/3,0
2006/7/4,0
2006/7/5,0
2006/7/6,0
2006/7/7,0
2006/7/8,0
2006/7/9,0
2006/7/10,0
2006/7/11,0
2006/7/12,0
2006/7/13,0
2006/7/14,0
2006/7/15,0
2006/7/16,0
2006/7/17,0
2006/7/18,0
2006/7/19,0
2006/7/20,0
2006/7/21,0
2006/7/22,0
2006/7/23,0
2006/7/24,0
2006/7/25,0
2006/7/26,0
2006/7/27,0
2006/7/28,0
2006/7/29,0
2006/7/30,0
2006/7/31,0
2006/8/1,0
2006/8/2,0
2006/8/3,0
2006/8/4,0
2006/8/5,0
2006/8/6,0
2006/8/7,0
2006/8/8,0
2006/8/9,0
2006/8/10,0
2006/8/11,0
2006/8/12,0
2006/8/13,0
2006/8/14,0
2006/8/15,0
2006/8/16,0
2006/8/17,0
2006/8/18,0
2006/8/19,0
2006/8/20,0
2006/8/21,0
2006/8/22,0
2006/8/23,0
2006/8/24,0
2006/8/25,0
2006/8/26,0
2006/8/27,0
2006/8/28,0
2006/8/29,0
2006/8/30,0
2006/8/31,0
2006/9/1,0
2006/9/2,0
2006/9/3,0
2006/9/4,0
2006/9/5,0
2006/9/6,0
2006/9/7,0
2006/9/8,0
2006/9/9,0
2006/9/10,0
2006/9/11,11.03449138
2006/9/12,16.55173707
2006/9/13,8.275868534
2006/9/14,0
2006/9/15,0
2006/9/16,0
2006/9/17,0
2006/9/18,0
2006/9/19,0
2006/9/20,2.758622845
2006/9/21,16.55173707
2006/9/22,13.79311422
2006/9/23,0
2006/9/24,0
2006/9/25,0
2006/9/26,2.758622845
2006/9/27,8.275868534
2006/9/28,0
2006/9/29,24.8276056
2006/9/30,30.34485129
2006/10/1,5.51724569
2006/10/2,16.55173707
2006/10/3,0
2006/10/4,0
2006/10/5,16.55173707
2006/10/6,33.10347414
2006/10/7,22.06898276
2006/10/8,2.758622845
2006/10/9,0
2006/10/10,0
2006/10/11,11.03449138
2006/10/12,16.55173707
2006/10/13,46.89658836
2006/10/14,44.13796552
2006/10/15,49.65521121
2006/10/16,44.13796552
2006/10/17,22.06898276
2006/10/18,0
2006/10/19,5.51724569
2006/10/20,19.31035991
2006/10/21,44.13796552
2006/10/22,35.86209698
2006/10/23,49.65521121
2006/10/24,52.41383405
2006/10/25,49.65521121
2006/10/26,57.93107974
2006/10/27,66.20694828
2006/10/28,19.31035991
2006/10/29,44.13796552
2006/10/30,41.37934267
2006/10/31,24.8276056
2006/11/1,8.275868534
2006/11/2,49.65521121
2006/11/3,63.44832543
2006/11/4,68.96557112
2006/11/5,63.44832543
2006/11/6,55.1724569
2006/11/7,27.58622845
2006/11/8,22.06898276
2006/11/9,8.275868534
2006/11/10,33.10347414
2006/11/11,27.58622845
2006/11/12,24.8276056
2006/11/13,24.8276056
2006/11/14,13.79311422
2006/11/15,11.03449138
2006/11/16,0
2006/11/17,22.06898276
2006/11/18,49.65521121
2006/11/19,55.1724569
2006/11/20,68.96557112
2006/11/21,74.48281681
2006/11/22,63.44832543
2006/11/23,63.44832543
2006/11/24,38.62071983
2006/11/25,57.93107974
2006/11/26,46.89658836
2006/11/27,41.37934267
2006/11/28,41.37934267
2006/11/29,16.55173707
2006/11/30,5.51724569
2006/12/1,13.79311422
2006/12/2,57.93107974
2006/12/3,71.72419397
2006/12/4,88.27593103
2006/12/5,91.03455388
2006/12/6,74.48281681
2006/12/7,68.96557112
2006/12/8,113.1035366
2006/12/9,93.79317672
2006/12/10,60.68970259
2006/12/11,55.1724569
2006/12/12,55.1724569
2006/12/13,30.34485129
2006/12/14,38.62071983
2006/12/15,46.89658836
2006/12/16,63.44832543
2006/12/17,55.1724569
2006/12/18,41.37934267
2006/12/19,68.96557112
2006/12/20,80.0000625
2006/12/21,57.93107974
2006/12/22,68.96557112
2006/12/23,30.34485129
2006/12/24,52.41383405
2006/12/25,77.24143966
2006/12/26,44.13796552
2006/12/27,71.72419397
2006/12/28,71.72419397
2006/12/29,66.20694828
2006/12/30,68.96557112
2006/12/31,74.48281681
2007/1/1,38.62071983
2007/1/2,60.68970259
2007/1/3,68.96557112
2007/1/4,57.93107974
2007/1/5,30.34485129
2007/1/6,5.51724569
2007/1/7,44.13796552
2007/1/8,52.41383405
2007/1/9,77.24143966
2007/1/10,91.03455388
2007/1/11,96.55179957
2007/1/12,60.68970259
2007/1/13,46.89658836
2007/1/14,63.44832543
2007/1/15,57.93107974
2007/1/16,74.48281681
2007/1/17,110.3449138
2007/1/18,96.55179957
2007/1/19,77.24143966
2007/1/20,104.8276681
2007/1/21,110.3449138
2007/1/22,93.79317672
2007/1/23,88.27593103
2007/1/24,85.51730819
2007/1/25,113.1035366
2007/1/26,135.1725194
2007/1/27,99.31042241
2007/1/28,80.0000625
2007/1/29,107.5862909
2007/1/30,102.0690453
2007/1/31,99.31042241
2007/2/1,88.27593103
2007/2/2,77.24143966
2007/2/3,99.31042241
2007/2/4,121.3794052
2007/2/5,140.6897651
2007/2/6,129.6552737
2007/2/7,124.138028
2007/2/8,118.6207823
2007/2/9,110.3449138
2007/2/10,102.0690453
2007/2/11,104.8276681
2007/2/12,91.03455388
2007/2/13,107.5862909
2007/2/14,115.8621595
2007/2/15,126.8966509
2007/2/16,118.6207823
2007/2/17,107.5862909
2007/2/18,107.5862909
2007/2/19,121.3794052
2007/2/20,71.72419397
2007/2/21,66.20694828
2007/2/22,74.48281681
2007/2/23,93.79317672
2007/2/24,91.03455388
2007/2/25,96.55179957
2007/2/26,88.27593103
2007/2/27,66.20694828
2007/2/28,68.96557112
2007/3/1,68.96557112
2007/3/2,49.65521121
2007/3/3,60.68970259
2007/3/4,82.75868534
2007/3/5,96.55179957
2007/3/6,135.1725194
2007/3/7,132.4138966
2007/3/8,113.1035366
2007/3/9,115.8621595
2007/3/10,68.96557112
2007/3/11,63.44832543
2007/3/12,57.93107974
2007/3/13,49.65521121
2007/3/14,16.55173707
2007/3/15,38.62071983
2007/3/16,93.79317672
2007/3/17,93.79317672
2007/3/18,91.03455388
2007/3/19,88.27593103
2007/3/20,68.96557112
2007/3/21,80.0000625
2007/3/22,30.34485129
2007/3/23,38.62071983
2007/3/24,49.65521121
2007/3/25,55.1724569
2007/3/26,57.93107974
2007/3/27,13.79311422
2007/3/28,33.10347414
2007/3/29,52.41383405
2007/3/30,35.86209698
2007/3/31,49.65521121
2007/4/1,55.1724569
2007/4/2,44.13796552
2007/4/3,33.10347414
2007/4/4,66.20694828
2007/4/5,74.48281681
2007/4/6,80.0000625
2007/4/7,82.75868534
2007/4/8,82.75868534
2007/4/9,74.48281681
2007/4/10,66.20694828
2007/4/11,66.20694828
2007/4/12,66.20694828
2007/4/13,55.1724569
2007/4/14,46.89658836
2007/4/15,55.1724569
2007/4/16,63.44832543
2007/4/17,52.41383405
2007/4/18,49.65521121
2007/4/19,30.34485129
2007/4/20,30.34485129
2007/4/21,19.31035991
2007/4/22,8.275868534
2007/4/23,0
2007/4/24,0
2007/4/25,24.8276056
2007/4/26,27.58622845
2007/4/27,35.86209698
2007/4/28,13.79311422
2007/4/29,16.55173707
2007/4/30,5.51724569
2007/5/1,16.55173707
2007/5/2,16.55173707
2007/5/3,16.55173707
2007/5/4,19.31035991
2007/5/5,16.55173707
2007/5/6,33.10347414
2007/5/7,27.58622845
2007/5/8,22.06898276
2007/5/9,0
2007/5/10,0
2007/5/11,0
2007/5/12,0
2007/5/13,16.55173707
2007/5/14,22.06898276
2007/5/15,0
2007/5/16,0
2007/5/17,8.275868534
2007/5/18,30.34485129
2007/5/19,30.34485129
2007/5/20,2.758622845
2007/5/21,8.275868534
2007/5/22,11.03449138
2007/5/23,2.758622845
2007/5/24,0
2007/5/25,0
2007/5/26,0
2007/5/27,0
2007/5/28,0
2007/5/29,0
2007/5/30,0
2007/5/31,0
2007/6/1,0
2007/6/2,0
2007/6/3,5.51724569
2007/6/4,0
2007/6/5,0
2007/6/6,8.275868534
2007/6/7,2.758622845
2007/6/8,0
2007/6/9,0
2007/6/10,0
2007/6/11,0
2007/6/12,0
2007/6/13,8.275868534
2007/6/14,11.03449138
2007/6/15,0
2007/6/16,0
2007/6/17,0
2007/6/18,0
2007/6/19,0
2007/6/20,0
2007/6/21,0
2007/6/22,0
2007/6/23,0
2007/6/24,0
2007/6/25,0
2007/6/26,0
2007/6/27,0
2007/6/28,0
2007/6/29,0
2007/6/30,0
2007/7/1,0
2007/7/2,0
2007/7/3,0
2007/7/4,0
2007/7/5,0
2007/7/6,0
2007/7/7,0
2007/7/8,0
2007/7/9,0
2007/7/10,0
2007/7/11,0
2007/7/12,0
2007/7/13,0
2007/7/14,0
2007/7/15,0
2007/7/16,0
2007/7/17,0
2007/7/18,0
2007/7/19,0
2007/7/20,0
2007/7/21,0
2007/7/22,0
2007/7/23,0
2007/7/24,0
2007/7/25,0
2007/7/26,0
2007/7/27,0
2007/7/28,0
2007/7/29,0
2007/7/30,0
2007/7/31,0
2007/8/1,0
2007/8/2,0
2007/8/3,0
2007/8/4,0
2007/8/5,0
2007/8/6,0
2007/8/7,0
2007/8/8,0
2007/8/9,0
2007/8/10,0
2007/8/11,0
2007/8/12,0
2007/8/13,0
2007/8/14,0
2007/8/15,0
2007/8/16,0
2007/8/17,0
2007/8/18,0
2007/8/19,0
2007/8/20,2.758622845
2007/8/21,19.31035991
2007/8/22,11.03449138
2007/8/23,0
2007/8/24,0
2007/8/25,0
2007/8/26,0
2007/8/27,0
2007/8/28,0
2007/8/29,0
2007/8/30,0
2007/8/31,0
2007/9/1,0
2007/9/2,0
2007/9/3,0
2007/9/4,0
2007/9/5,0
2007/9/6,0
2007/9/7,0
2007/9/8,0
2007/9/9,0
2007/9/10,0
2007/9/11,0
2007/9/12,0
2007/9/13,0
2007/9/14,0
2007/9/15,8.275868534
2007/9/16,22.06898276
2007/9/17,22.06898276
2007/9/18,13.79311422
2007/9/19,0
2007/9/20,0
2007/9/21,0
2007/9/22,0
2007/9/23,0
2007/9/24,0
2007/9/25,0
2007/9/26,0
2007/9/27,0
2007/9/28,0
2007/9/29,0
2007/9/30,0
2007/10/1,8.275868534
2007/10/2,0
2007/10/3,0
2007/10/4,0
2007/10/5,0
2007/10/6,0
2007/10/7,0
2007/10/8,0
2007/10/9,0
2007/10/10,0
2007/10/11,2.758622845
2007/10/12,30.34485129
2007/10/13,38.62071983
2007/10/14,30.34485129
2007/10/15,24.8276056
2007/10/16,2.758622845
2007/10/17,0
2007/10/18,0
2007/10/19,0
2007/10/20,2.758622845
2007/10/21,2.758622845
2007/10/22,0
2007/10/23,0
2007/10/24,13.79311422
2007/10/25,30.34485129
2007/10/26,30.34485129
2007/10/27,8.275868534
2007/10/28,44.13796552
2007/10/29,57.93107974
2007/10/30,38.62071983
2007/10/31,33.10347414
2007/11/1,27.58622845
2007/11/2,46.89658836
2007/11/3,46.89658836
2007/11/4,49.65521121
2007/11/5,52.41383405
2007/11/6,44.13796552
2007/11/7,63.44832543
2007/11/8,74.48281681
2007/11/9,68.96557112
2007/11/10,66.20694828
2007/11/11,71.72419397
2007/11/12,60.68970259
2007/11/13,41.37934267
2007/11/14,38.62071983
2007/11/15,33.10347414
2007/11/16,66.20694828
2007/11/17,68.96557112
2007/11/18,66.20694828
2007/11/19,71.72419397
2007/11/20,52.41383405
2007/11/21,44.13796552
2007/11/22,33.10347414
2007/11/23,85.51730819
2007/11/24,88.27593103
2007/11/25,68.96557112
2007/11/26,44.13796552
2007/11/27,35.86209698
2007/11/28,71.72419397
2007/11/29,55.1724569
2007/11/30,71.72419397
2007/12/1,96.55179957
2007/12/2,107.5862909
2007/12/3,68.96557112
2007/12/4,93.79317672
2007/12/5,99.31042241
2007/12/6,104.8276681
2007/12/7,99.31042241
2007/12/8,74.48281681
2007/12/9,88.27593103
2007/12/10,77.24143966
2007/12/11,68.96557112
2007/12/12,66.20694828
2007/12/13,91.03455388
2007/12/14,77.24143966
2007/12/15,93.79317672
2007/12/16,93.79317672
2007/12/17,99.31042241
2007/12/18,85.51730819
2007/12/19,74.48281681
2007/12/20,80.0000625
2007/12/21,77.24143966
2007/12/22,80.0000625
2007/12/23,44.13796552
2007/12/24,60.68970259
2007/12/25,77.24143966
2007/12/26,91.03455388
2007/12/27,71.72419397
2007/12/28,63.44832543
2007/12/29,55.1724569
2007/12/30,82.75868534
2007/12/31,80.0000625
2008/1/1,74.48281681
2008/1/2,104.8276681
2008/1/3,132.4138966
2008/1/4,110.3449138
2008/1/5,91.03455388
2008/1/6,68.96557112
2008/1/7,44.13796552
2008/1/8,35.86209698
2008/1/9,30.34485129
2008/1/10,57.93107974
2008/1/11,46.89658836
2008/1/12,35.86209698
2008/1/13,77.24143966
2008/1/14,80.0000625
2008/1/15,82.75868534
2008/1/16,88.27593103
2008/1/17,85.51730819
2008/1/18,66.20694828
2008/1/19,88.27593103
2008/1/20,110.3449138
2008/1/21,115.8621595
2008/1/22,99.31042241
2008/1/23,85.51730819
2008/1/24,107.5862909
2008/1/25,107.5862909
2008/1/26,107.5862909
2008/1/27,85.51730819
2008/1/28,85.51730819
2008/1/29,82.75868534
2008/1/30,68.96557112
2008/1/31,91.03455388
2008/2/1,74.48281681
2008/2/2,80.0000625
2008/2/3,74.48281681
2008/2/4,77.24143966
2008/2/5,55.1724569
2008/2/6,30.34485129
2008/2/7,60.68970259
2008/2/8,68.96557112
2008/2/9,74.48281681
2008/2/10,99.31042241
2008/2/11,132.4138966
2008/2/12,113.1035366
2008/2/13,80.0000625
2008/2/14,85.51730819
2008/2/15,68.96557112
2008/2/16,102.0690453
2008/2/17,74.48281681
2008/2/18,35.86209698
2008/2/19,82.75868534
2008/2/20,102.0690453
2008/2/21,107.5862909
2008/2/22,99.31042241
2008/2/23,93.79317672
2008/2/24,104.8276681
2008/2/25,82.75868534
2008/2/26,71.72419397
2008/2/27,91.03455388
2008/2/28,115.8621595
2008/2/29,110.3449138
2008/3/1,74.48281681
2008/3/2,82.75868534
2008/3/3,57.93107974
2008/3/4,38.62071983
2008/3/5,49.65521121
2008/3/6,66.20694828
2008/3/7,68.96557112
2008/3/8,44.13796552
2008/3/9,80.0000625
2008/3/10,80.0000625
2008/3/11,63.44832543
2008/3/12,66.20694828
2008/3/13,74.48281681
2008/3/14,55.1724569
2008/3/15,46.89658836
2008/3/16,66.20694828
2008/3/17,68.96557112
2008/3/18,66.20694828
2008/3/19,49.65521121
2008/3/20,52.41383405
2008/3/21,71.72419397
2008/3/22,66.20694828
2008/3/23,74.48281681
2008/3/24,68.96557112
2008/3/25,74.48281681
2008/3/26,41.37934267
2008/3/27,60.68970259
2008/3/28,63.44832543
2008/3/29,71.72419397
2008/3/30,77.24143966
2008/3/31,44.13796552
2008/4/1,11.03449138
2008/4/2,57.93107974
2008/4/3,74.48281681
2008/4/4,49.65521121
2008/4/5,30.34485129
2008/4/6,52.41383405
2008/4/7,52.41383405
2008/4/8,44.13796552
2008/4/9,41.37934267
2008/4/10,16.55173707
2008/4/11,22.06898276
2008/4/12,5.51724569
2008/4/13,44.13796552
2008/4/14,52.41383405
2008/4/15,44.13796552
2008/4/16,33.10347414
2008/4/17,16.55173707
2008/4/18,0
2008/4/19,2.758622845
2008/4/20,22.06898276
2008/4/21,22.06898276
2008/4/22,13.79311422
2008/4/23,2.758622845
2008/4/24,0
2008/4/25,8.275868534
2008/4/26,19.31035991
2008/4/27,35.86209698
2008/4/28,30.34485129
2008/4/29,41.37934267
2008/4/30,46.89658836
2008/5/1,38.62071983
2008/5/2,35.86209698
2008/5/3,33.10347414
2008/5/4,11.03449138
2008/5/5,11.03449138
2008/5/6,5.51724569
2008/5/7,2.758622845
2008/5/8,0
2008/5/9,24.8276056
2008/5/10,19.31035991
2008/5/11,27.58622845
2008/5/12,35.86209698
2008/5/13,16.55173707
2008/5/14,13.79311422
2008/5/15,0
2008/5/16,27.58622845
2008/5/17,13.79311422
2008/5/18,13.79311422
2008/5/19,35.86209698
2008/5/20,44.13796552
2008/5/21,27.58622845
2008/5/22,27.58622845
2008/5/23,16.55173707
2008/5/24,11.03449138
2008/5/25,2.758622845
2008/5/26,0
2008/5/27,0
2008/5/28,11.03449138
2008/5/29,11.03449138
2008/5/30,0
2008/5/31,0
2008/6/1,0
2008/6/2,0
2008/6/3,0
2008/6/4,0
2008/6/5,0
2008/6/6,0
2008/6/7,0
2008/6/8,0
2008/6/9,0
2008/6/10,0
2008/6/11,0
2008/6/12,0
2008/6/13,0
2008/6/14,0
2008/6/15,0
2008/6/16,0
2008/6/17,0
2008/6/18,0
2008/6/19,0
2008/6/20,0
2008/6/21,0
2008/6/22,0
2008/6/23,0
2008/6/24,0
2008/6/25,0
2008/6/26,0
2008/6/27,0
2008/6/28,0
2008/6/29,0
2008/6/30,0
2008/7/1,0
2008/7/2,0
2008/7/3,0
2008/7/4,0
2008/7/5,0
2008/7/6,0
2008/7/7,0
2008/7/8,0
2008/7/9,0
2008/7/10,0
2008/7/11,0
2008/7/12,0
2008/7/13,0
2008/7/14,0
2008/7/15,0
2008/7/16,0
2008/7/17,0
2008/7/18,0
2008/7/19,0
2008/7/20,0
2008/7/21,0
2008/7/22,0
2008/7/23,0
2008/7/24,0
2008/7/25,0
2008/7/26,0
2008/7/27,0
2008/7/28,0
2008/7/29,0
2008/7/30,0
2008/7/31,0
2008/8/1,0
2008/8/2,0
2008/8/3,0
2008/8/4,0
2008/8/5,0
2008/8/6,0
2008/8/7,0
2008/8/8,0
2008/8/9,0
2008/8/10,0
2008/8/11,0
2008/8/12,0
2008/8/13,0
2008/8/14,0
2008/8/15,0
2008/8/16,0
2008/8/17,0
2008/8/18,0
2008/8/19,0
2008/8/20,0
2008/8/21,0
2008/8/22,0
2008/8/23,0
2008/8/24,0
2008/8/25,0
2008/8/26,0
2008/8/27,0
2008/8/28,0
2008/8/29,0
2008/8/30,0
2008/8/31,0
2008/9/1,0
2008/9/2,0
2008/9/3,0
2008/9/4,0
2008/9/5,0
2008/9/6,0
2008/9/7,0
2008/9/8,0
2008/9/9,0
2008/9/10,0
2008/9/11,0
2008/9/12,0
2008/9/13,0
2008/9/14,0
2008/9/15,0
2008/9/16,0
2008/9/17,0
2008/9/18,0
2008/9/19,19.31035991
2008/9/20,16.55173707
2008/9/21,0
2008/9/22,0
2008/9/23,8.275868534
2008/9/24,11.03449138
2008/9/25,16.55173707
2008/9/26,11.03449138
2008/9/27,0
2008/9/28,0
2008/9/29,0
2008/9/30,0
2008/10/1,0
2008/10/2,22.06898276
2008/10/3,27.58622845
2008/10/4,35.86209698
2008/10/5,19.31035991
2008/10/6,30.34485129
2008/10/7,35.86209698
2008/10/8,22.06898276
2008/10/9,0
2008/10/10,5.51724569
2008/10/11,13.79311422
2008/10/12,11.03449138
2008/10/13,2.758622845
2008/10/14,0
2008/10/15,0
2008/10/16,0
2008/10/17,30.34485129
2008/10/18,41.37934267
2008/10/19,49.65521121
2008/10/20,44.13796552
2008/10/21,41.37934267
2008/10/22,49.65521121
2008/10/23,55.1724569
2008/10/24,52.41383405
2008/10/25,19.31035991
2008/10/26,27.58622845
2008/10/27,33.10347414
2008/10/28,60.68970259
2008/10/29,63.44832543
2008/10/30,66.20694828
2008/10/31,46.89658836
2008/11/1,30.34485129
2008/11/2,57.93107974
2008/11/3,24.8276056
2008/11/4,30.34485129
2008/11/5,13.79311422
2008/11/6,11.03449138
2008/11/7,8.275868534
2008/11/8,24.8276056
2008/11/9,41.37934267
2008/11/10,52.41383405
2008/11/11,63.44832543
2008/11/12,55.1724569
2008/11/13,38.62071983
2008/11/14,13.79311422
2008/11/15,5.51724569
2008/11/16,41.37934267
2008/11/17,66.20694828
2008/11/18,85.51730819
2008/11/19,93.79317672
2008/11/20,85.51730819
2008/11/21,96.55179957
2008/11/22,104.8276681
2008/11/23,96.55179957
2008/11/24,74.48281681
2008/11/25,71.72419397
2008/11/26,74.48281681
2008/11/27,80.0000625
2008/11/28,71.72419397
2008/11/29,77.24143966
2008/11/30,80.0000625
2008/12/1,49.65521121
2008/12/2,71.72419397
2008/12/3,82.75868534
2008/12/4,66.20694828
2008/12/5,85.51730819
2008/12/6,99.31042241
2008/12/7,102.0690453
2008/12/8,113.1035366
2008/12/9,60.68970259
2008/12/10,30.34485129
2008/12/11,71.72419397
2008/12/12,74.48281681
2008/12/13,102.0690453
2008/12/14,82.75868534
2008/12/15,24.8276056
2008/12/16,57.93107974
2008/12/17,80.0000625
2008/12/18,77.24143966
2008/12/19,93.79317672
2008/12/20,110.3449138
2008/12/21,99.31042241
2008/12/22,124.138028
2008/12/23,118.6207823
2008/12/24,80.0000625
2008/12/25,66.20694828
2008/12/26,88.27593103
2008/12/27,66.20694828
2008/12/28,33.10347414
2008/12/29,66.20694828
2008/12/30,77.24143966
2008/12/31,107.5862909
2009/1/1,121.3794052
2009/1/2,104.8276681
2009/1/3,93.79317672
2009/1/4,88.27593103
2009/1/5,68.96557112
2009/1/6,85.51730819
2009/1/7,85.51730819
2009/1/8,88.27593103
2009/1/9,99.31042241
2009/1/10,110.3449138
2009/1/11,104.8276681
2009/1/12,107.5862909
2009/1/13,96.55179957
2009/1/14,110.3449138
2009/1/15,135.1725194
2009/1/16,146.2070108
2009/1/17,148.9656336
2009/1/18,104.8276681
2009/1/19,115.8621595
2009/1/20,115.8621595
2009/1/21,121.3794052
2009/1/22,110.3449138
2009/1/23,85.51730819
2009/1/24,96.55179957
2009/1/25,126.8966509
2009/1/26,113.1035366
2009/1/27,102.0690453
2009/1/28,91.03455388
2009/1/29,96.55179957
2009/1/30,104.8276681
2009/1/31,113.1035366
2009/2/1,77.24143966
2009/2/2,66.20694828
2009/2/3,99.31042241
2009/2/4,118.6207823
2009/2/5,132.4138966
2009/2/6,115.8621595
2009/2/7,91.03455388
2009/2/8,49.65521121
2009/2/9,71.72419397
2009/2/10,66.20694828
2009/2/11,38.62071983
2009/2/12,44.13796552
2009/2/13,77.24143966
2009/2/14,85.51730819
2009/2/15,82.75868534
2009/2/16,85.51730819
2009/2/17,88.27593103
2009/2/18,85.51730819
2009/2/19,74.48281681
2009/2/20,102.0690453
2009/2/21,88.27593103
2009/2/22,80.0000625
2009/2/23,99.31042241
2009/2/24,99.31042241
2009/2/25,88.27593103
2009/2/26,68.96557112
2009/2/27,46.89658836
2009/2/28,66.20694828
2009/3/1,91.03455388
2009/3/2,121.3794052
2009/3/3,126.8966509
2009/3/4,110.3449138
2009/3/5,91.03455388
2009/3/6,57.93107974
2009/3/7,35.86209698
2009/3/8,30.34485129
2009/3/9,60.68970259
2009/3/10,66.20694828
2009/3/11,44.13796552
2009/3/12,77.24143966
2009/3/13,88.27593103
2009/3/14,68.96557112
2009/3/15,57.93107974
2009/3/16,68.96557112
2009/3/17,55.1724569
2009/3/18,44.13796552
2009/3/19,55.1724569
2009/3/20,74.48281681
2009/3/21,77.24143966
2009/3/22,66.20694828
2009/3/23,82.75868534
2009/3/24,77.24143966
2009/3/25,66.20694828
2009/3/26,60.68970259
2009/3/27,33.10347414
2009/3/28,35.86209698
2009/3/29,46.89658836
2009/3/30,49.65521121
2009/3/31,44.13796552
2009/4/1,49.65521121
2009/4/2,27.58622845
2009/4/3,27.58622845
2009/4/4,38.62071983
2009/4/5,27.58622845
2009/4/6,46.89658836
2009/4/7,60.68970259
2009/4/8,63.44832543
2009/4/9,49.65521121
2009/4/10,44.13796552
2009/4/11,52.41383405
2009/4/12,63.44832543
2009/4/13,55.1724569
2009/4/14,49.65521121
2009/4/15,41.37934267
2009/4/16,41.37934267
2009/4/17,33.10347414
2009/4/18,11.03449138
2009/4/19,27.58622845
2009/4/20,52.41383405
2009/4/21,30.34485129
2009/4/22,38.62071983
2009/4/23,44.13796552
2009/4/24,24.8276056
2009/4/25,0
2009/4/26,0
2009/4/27,0
2009/4/28,0
2009/4/29,13.79311422
2009/4/30,30.34485129
2009/5/1,5.51724569
2009/5/2,8.275868534
2009/5/3,19.31035991
2009/5/4,27.58622845
2009/5/5,33.10347414
2009/5/6,13.79311422
2009/5/7,2.758622845
2009/5/8,2.758622845
2009/5/9,0
2009/5/10,11.03449138
2009/5/11,22.06898276
2009/5/12,22.06898276
2009/5/13,19.31035991
2009/5/14,2.758622845
2009/5/15,0
2009/5/16,0
2009/5/17,16.55173707
2009/5/18,38.62071983
2009/5/19,24.8276056
2009/5/20,0
2009/5/21,0
2009/5/22,0
2009/5/23,0
2009/5/24,0
2009/5/25,0
2009/5/26,16.55173707
2009/5/27,13.79311422
2009/5/28,13.79311422
2009/5/29,0
2009/5/30,0
2009/5/31,0
2009/6/1,16.55173707
2009/6/2,0
2009/6/3,2.758622845
2009/6/4,0
2009/6/5,16.55173707
2009/6/6,0
2009/6/7,0
2009/6/8,0
2009/6/9,0
2009/6/10,0
2009/6/11,8.275868534
2009/6/12,0
2009/6/13,0
2009/6/14,0
2009/6/15,0
2009/6/16,5.51724569
2009/6/17,5.51724569
2009/6/18,0
2009/6/19,0
2009/6/20,0
2009/6/21,0
2009/6/22,0
2009/6/23,0
2009/6/24,0
2009/6/25,0
2009/6/26,0
2009/6/27,0
2009/6/28,0
2009/6/29,0
2009/6/30,0
2009/7/1,0
2009/7/2,0
2009/7/3,0
2009/7/4,0
2009/7/5,0
2009/7/6,0
2009/7/7,0
2009/7/8,0
2009/7/9,0
2009/7/10,0
2009/7/11,0
2009/7/12,0
2009/7/13,0
2009/7/14,0
2009/7/15,0
2009/7/16,0
2009/7/17,0
2009/7/18,179.3104849
2009/7/19,0
2009/7/20,0
2009/7/21,0
2009/7/22,0
2009/7/23,0
2009/7/24,0
2009/7/25,0
2009/7/26,0
2009/7/27,0
2009/7/28,0
2009/7/29,0
2009/7/30,0
2009/7/31,0
2009/8/1,0
2009/8/2,0
2009/8/3,0
2009/8/4,0
2009/8/5,0
2009/8/6,0
2009/8/7,0
2009/8/8,0
2009/8/9,0
2009/8/10,0
2009/8/11,0
2009/8/12,0
2009/8/13,0
2009/8/14,0
2009/8/15,0
2009/8/16,0
2009/8/17,0
2009/8/18,0
2009/8/19,0
2009/8/20,0
2009/8/21,0
2009/8/22,0
2009/8/23,0
2009/8/24,0
2009/8/25,0
2009/8/26,0
2009/8/27,0
2009/8/28,0
2009/8/29,0
2009/8/30,0
2009/8/31,2.758622845
2009/9/1,2.758622845
2009/9/2,0
2009/9/3,0
2009/9/4,0
2009/9/5,0
2009/9/6,0
2009/9/7,0
2009/9/8,0
2009/9/9,0
2009/9/10,5.51724569
2009/9/11,11.03449138
2009/9/12,0
2009/9/13,0
2009/9/14,0
2009/9/15,0
2009/9/16,2.758622845
2009/9/17,19.31035991
2009/9/18,5.51724569
2009/9/19,11.03449138
2009/9/20,11.03449138
2009/9/21,0
2009/9/22,0
2009/9/23,0
2009/9/24,0
2009/9/25,11.03449138
2009/9/26,24.8276056
2009/9/27,0
2009/9/28,0
2009/9/29,13.79311422
2009/9/30,30.34485129
2009/10/1,41.37934267
2009/10/2,24.8276056
2009/10/3,0
2009/10/4,0
2009/10/5,13.79311422
2009/10/6,19.31035991
2009/10/7,2.758622845
2009/10/8,19.31035991
2009/10/9,2.758622845
2009/10/10,22.06898276
2009/10/11,35.86209698
2009/10/12,46.89658836
2009/10/13,27.58622845
2009/10/14,55.1724569
2009/10/15,66.20694828
2009/10/16,63.44832543
2009/10/17,55.1724569
2009/10/18,63.44832543
2009/10/19,55.1724569
2009/10/20,35.86209698
2009/10/21,13.79311422
2009/10/22,2.758622845
2009/10/23,24.8276056
2009/10/24,11.03449138
2009/10/25,30.34485129
2009/10/26,38.62071983
2009/10/27,41.37934267
2009/10/28,30.34485129
2009/10/29,19.31035991
2009/10/30,22.06898276
2009/10/31,0
2009/11/1,33.10347414
2009/11/2,41.37934267
2009/11/3,41.37934267
2009/11/4,49.65521121
2009/11/5,46.89658836
2009/11/6,66.20694828
2009/11/7,66.20694828
2009/11/8,13.79311422
2009/11/9,30.34485129
2009/11/10,22.06898276
2009/11/11,33.10347414
2009/11/12,41.37934267
2009/11/13,35.86209698
2009/11/14,30.34485129
2009/11/15,19.31035991
2009/11/16,30.34485129
2009/11/17,44.13796552
2009/11/18,52.41383405
2009/11/19,35.86209698
2009/11/20,33.10347414
2009/11/21,46.89658836
2009/11/22,49.65521121
2009/11/23,49.65521121
2009/11/24,33.10347414
2009/11/25,35.86209698
2009/11/26,33.10347414
2009/11/27,52.41383405
2009/11/28,52.41383405
2009/11/29,49.65521121
2009/11/30,49.65521121
2009/12/1,68.96557112
2009/12/2,55.1724569
2009/12/3,22.06898276
2009/12/4,52.41383405
2009/12/5,71.72419397
2009/12/6,85.51730819
2009/12/7,85.51730819
2009/12/8,74.48281681
2009/12/9,60.68970259
2009/12/10,80.0000625
2009/12/11,110.3449138
2009/12/12,99.31042241
2009/12/13,77.24143966
2009/12/14,66.20694828
2009/12/15,52.41383405
2009/12/16,85.51730819
2009/12/17,110.3449138
2009/12/18,115.8621595
2009/12/19,113.1035366
2009/12/20,104.8276681
2009/12/21,96.55179957
2009/12/22,102.0690453
2009/12/23,113.1035366
2009/12/24,96.55179957
2009/12/25,85.51730819
2009/12/26,55.1724569
2009/12/27,60.68970259
2009/12/28,85.51730819
2009/12/29,115.8621595
2009/12/30,110.3449138
2009/12/31,93.79317672
2010/1/1,80.0000625
2010/1/2,110.3449138
2010/1/3,124.138028
2010/1/4,110.3449138
2010/1/5,110.3449138
2010/1/6,96.55179957
2010/1/7,88.27593103
2010/1/8,104.8276681
2010/1/9,113.1035366
2010/1/10,121.3794052
2010/1/11,110.3449138
2010/1/12,99.31042241
2010/1/13,93.79317672
2010/1/14,91.03455388
2010/1/15,77.24143966
2010/1/16,66.20694828
2010/1/17,82.75868534
2010/1/18,57.93107974
2010/1/19,57.93107974
2010/1/20,82.75868534
2010/1/21,85.51730819
2010/1/22,77.24143966
2010/1/23,88.27593103
2010/1/24,74.48281681
2010/1/25,35.86209698
2010/1/26,66.20694828
2010/1/27,88.27593103
2010/1/28,93.79317672
2010/1/29,124.138028
2010/1/30,135.1725194
2010/1/31,118.6207823
2010/2/1,104.8276681
2010/2/2,96.55179957
2010/2/3,88.27593103
2010/2/4,91.03455388
2010/2/5,96.55179957
2010/2/6,107.5862909
2010/2/7,110.3449138
2010/2/8,96.55179957
2010/2/9,85.51730819
2010/2/10,88.27593103
2010/2/11,91.03455388
2010/2/12,99.31042241
2010/2/13,104.8276681
2010/2/14,88.27593103
2010/2/15,88.27593103
2010/2/16,93.79317672
2010/2/17,102.0690453
2010/2/18,80.0000625
2010/2/19,74.48281681
2010/2/20,71.72419397
2010/2/21,74.48281681
2010/2/22,80.0000625
2010/2/23,80.0000625
2010/2/24,74.48281681
2010/2/25,91.03455388
2010/2/26,96.55179957
2010/2/27,91.03455388
2010/2/28,91.03455388
2010/3/1,66.20694828
2010/3/2,71.72419397
2010/3/3,77.24143966
2010/3/4,66.20694828
2010/3/5,66.20694828
2010/3/6,66.20694828
2010/3/7,60.68970259
2010/3/8,46.89658836
2010/3/9,41.37934267
2010/3/10,49.65521121
2010/3/11,49.65521121
2010/3/12,44.13796552
2010/3/13,60.68970259
2010/3/14,46.89658836
2010/3/15,57.93107974
2010/3/16,35.86209698
2010/3/17,41.37934267
2010/3/18,35.86209698
2010/3/19,19.31035991
2010/3/20,19.31035991
2010/3/21,22.06898276
2010/3/22,24.8276056
2010/3/23,41.37934267
2010/3/24,35.86209698
2010/3/25,33.10347414
2010/3/26,60.68970259
2010/3/27,74.48281681
2010/3/28,63.44832543
2010/3/29,35.86209698
2010/3/30,52.41383405
2010/3/31,35.86209698
2010/4/1,13.79311422
2010/4/2,19.31035991
2010/4/3,22.06898276
2010/4/4,8.275868534
2010/4/5,0
2010/4/6,0
2010/4/7,0
2010/4/8,0
2010/4/9,24.8276056
2010/4/10,35.86209698
2010/4/11,8.275868534
2010/4/12,24.8276056
2010/4/13,41.37934267
2010/4/14,33.10347414
2010/4/15,13.79311422
2010/4/16,35.86209698
2010/4/17,41.37934267
2010/4/18,41.37934267
2010/4/19,30.34485129
2010/4/20,22.06898276
2010/4/21,13.79311422
2010/4/22,8.275868534
2010/4/23,27.58622845
2010/4/24,24.8276056
2010/4/25,41.37934267
2010/4/26,35.86209698
2010/4/27,41.37934267
2010/4/28,44.13796552
2010/4/29,22.06898276
2010/4/30,0
2010/5/1,0
2010/5/2,0
2010/5/3,0
2010/5/4,0
2010/5/5,0
2010/5/6,0
2010/5/7,0
2010/5/8,2.758622845
2010/5/9,41.37934267
2010/5/10,35.86209698
2010/5/11,41.37934267
2010/5/12,44.13796552
2010/5/13,19.31035991
2010/5/14,0
2010/5/15,0
2010/5/16,2.758622845
2010/5/17,2.758622845
2010/5/18,19.31035991
2010/5/19,16.55173707
2010/5/20,0
2010/5/21,0
2010/5/22,0
2010/5/23,0
2010/5/24,0
2010/5/25,0
2010/5/26,0
2010/5/27,0
2010/5/28,0
2010/5/29,0
2010/5/30,0
2010/5/31,0
2010/6/1,0
2010/6/2,0
2010/6/3,0
2010/6/4,0
2010/6/5,0
2010/6/6,0
2010/6/7,0
2010/6/8,0
2010/6/9,11.03449138
2010/6/10,0
2010/6/11,0
2010/6/12,0
2010/6/13,0
2010/6/14,0
2010/6/15,0
2010/6/16,0
2010/6/17,0
2010/6/18,0
2010/6/19,0
2010/6/20,0
2010/6/21,0
2010/6/22,0
2010/6/23,0
2010/6/24,0
2010/6/25,0
2010/6/26,0
2010/6/27,0
2010/6/28,0
2010/6/29,0
2010/6/30,0
2010/7/1,0
2010/7/2,0
2010/7/3,0
2010/7/4,0
2010/7/5,0
2010/7/6,0
2010/7/7,0
2010/7/8,0
2010/7/9,0
2010/7/10,0
2010/7/11,0
2010/7/12,0
2010/7/13,0
2010/7/14,0
2010/7/15,0
2010/7/16,0
2010/7/17,0
2010/7/18,0
2010/7/19,0
2010/7/20,0
2010/7/21,0
2010/7/22,0
2010/7/23,0
2010/7/24,0
2010/7/25,0
2010/7/26,0
2010/7/27,0
2010/7/28,0
2010/7/29,0
2010/7/30,0
2010/7/31,0
2010/8/1,0
2010/8/2,0
2010/8/3,0
2010/8/4,0
2010/8/5,0
2010/8/6,0
2010/8/7,0
2010/8/8,0
2010/8/9,0
2010/8/10,0
2010/8/11,0
2010/8/12,0
2010/8/13,0
2010/8/14,0
2010/8/15,0
2010/8/16,0
2010/8/17,0
2010/8/18,0
2010/8/19,0
2010/8/20,0
2010/8/21,0
2010/8/22,0
2010/8/23,0
2010/8/24,0
2010/8/25,0
2010/8/26,0
2010/8/27,0
2010/8/28,0
2010/8/29,0
2010/8/30,0
2010/8/31,0
2010/9/1,0
2010/9/2,0
2010/9/3,0
2010/9/4,0
2010/9/5,0
2010/9/6,0
2010/9/7,0
2010/9/8,0
2010/9/9,0
2010/9/10,0
2010/9/11,0
2010/9/12,5.51724569
2010/9/13,0
2010/9/14,2.758622845
2010/9/15,8.275868534
2010/9/16,5.51724569
2010/9/17,2.758622845
2010/9/18,2.758622845
2010/9/19,0
2010/9/20,0
2010/9/21,11.03449138
2010/9/22,0
2010/9/23,0
2010/9/24,0
2010/9/25,0
2010/9/26,0
2010/9/27,0
2010/9/28,0
2010/9/29,0
2010/9/30,0
2010/10/1,0
2010/10/2,22.06898276
2010/10/3,22.06898276
2010/10/4,30.34485129
2010/10/5,22.06898276
2010/10/6,16.55173707
2010/10/7,11.03449138
2010/10/8,11.03449138
2010/10/9,11.03449138
2010/10/10,30.34485129
2010/10/11,0
2010/10/12,13.79311422
2010/10/13,30.34485129
2010/10/14,33.10347414
2010/10/15,33.10347414
2010/10/16,33.10347414
2010/10/17,24.8276056
2010/10/18,35.86209698
2010/10/19,30.34485129
2010/10/20,38.62071983
2010/10/21,30.34485129
2010/10/22,52.41383405
2010/10/23,35.86209698
2010/10/24,13.79311422
2010/10/25,5.51724569
2010/10/26,0
2010/10/27,0
2010/10/28,0
2010/10/29,41.37934267
2010/10/30,46.89658836
2010/10/31,44.13796552
2010/11/1,63.44832543
2010/11/2,63.44832543
2010/11/3,60.68970259
2010/11/4,49.65521121
2010/11/5,46.89658836
2010/11/6,60.68970259
2010/11/7,63.44832543
2010/11/8,63.44832543
2010/11/9,49.65521121
2010/11/10,41.37934267
2010/11/11,44.13796552
2010/11/12,46.89658836
2010/11/13,38.62071983
2010/11/14,41.37934267
2010/11/15,27.58622845
2010/11/16,24.8276056
2010/11/17,19.31035991
2010/11/18,41.37934267
2010/11/19,68.96557112
2010/11/20,55.1724569
2010/11/21,63.44832543
2010/11/22,27.58622845
2010/11/23,27.58622845
2010/11/24,57.93107974
2010/11/25,68.96557112
2010/11/26,57.93107974
2010/11/27,80.0000625
2010/11/28,71.72419397
2010/11/29,71.72419397
2010/11/30,46.89658836
2010/12/1,35.86209698
2010/12/2,77.24143966
2010/12/3,80.0000625
2010/12/4,82.75868534
2010/12/5,91.03455388
2010/12/6,91.03455388
2010/12/7,88.27593103
2010/12/8,99.31042241
2010/12/9,68.96557112
2010/12/10,104.8276681
2010/12/11,85.51730819
2010/12/12,60.68970259
2010/12/13,85.51730819
2010/12/14,121.3794052
2010/12/15,113.1035366
2010/12/16,99.31042241
2010/12/17,104.8276681
2010/12/18,102.0690453
2010/12/19,93.79317672
2010/12/20,96.55179957
2010/12/21,88.27593103
2010/12/22,91.03455388
2010/12/23,91.03455388
2010/12/24,85.51730819
2010/12/25,102.0690453
2010/12/26,110.3449138
2010/12/27,115.8621595
2010/12/28,96.55179957
2010/12/29,99.31042241
2010/12/30,107.5862909
2010/12/31,85.51730819
2011/1/1,74.48281681
2011/1/2,60.68970259
2011/1/3,93.79317672
2011/1/4,91.03455388
2011/1/5,91.03455388
2011/1/6,104.8276681
2011/1/7,107.5862909
2011/1/8,124.138028
2011/1/9,102.0690453
2011/1/10,99.31042241
2011/1/11,110.3449138
2011/1/12,104.8276681
2011/1/13,115.8621595
2011/1/14,129.6552737
2011/1/15,113.1035366
2011/1/16,96.55179957
2011/1/17,115.8621595
2011/1/18,93.79317672
2011/1/19,77.24143966
2011/1/20,91.03455388
2011/1/21,113.1035366
2011/1/22,129.6552737
2011/1/23,135.1725194
2011/1/24,140.6897651
2011/1/25,96.55179957
2011/1/26,99.31042241
2011/1/27,102.0690453
2011/1/28,102.0690453
2011/1/29,104.8276681
2011/1/30,99.31042241
2011/1/31,110.3449138
2011/2/1,113.1035366
2011/2/2,91.03455388
2011/2/3,107.5862909
2011/2/4,113.1035366
2011/2/5,96.55179957
2011/2/6,77.24143966
2011/2/7,82.75868534
2011/2/8,102.0690453
2011/2/9,118.6207823
2011/2/10,115.8621595
2011/2/11,107.5862909
2011/2/12,96.55179957
2011/2/13,88.27593103
2011/2/14,49.65521121
2011/2/15,93.79317672
2011/2/16,80.0000625
2011/2/17,38.62071983
2011/2/18,30.34485129
2011/2/19,77.24143966
2011/2/20,93.79317672
2011/2/21,96.55179957
2011/2/22,107.5862909
2011/2/23,99.31042241
2011/2/24,82.75868534
2011/2/25,66.20694828
2011/2/26,80.0000625
2011/2/27,60.68970259
2011/2/28,41.37934267
2011/3/1,71.72419397
2011/3/2,68.96557112
2011/3/3,104.8276681
2011/3/4,85.51730819
2011/3/5,38.62071983
2011/3/6,30.34485129
2011/3/7,60.68970259
2011/3/8,77.24143966
2011/3/9,77.24143966
2011/3/10,52.41383405
2011/3/11,46.89658836
2011/3/12,52.41383405
2011/3/13,57.93107974
2011/3/14,68.96557112
2011/3/15,71.72419397
2011/3/16,49.65521121
2011/3/17,33.10347414
2011/3/18,8.275868534
2011/3/19,46.89658836
2011/3/20,63.44832543
2011/3/21,66.20694828
2011/3/22,57.93107974
2011/3/23,80.0000625
2011/3/24,77.24143966
2011/3/25,85.51730819
2011/3/26,91.03455388
2011/3/27,80.0000625
2011/3/28,80.0000625
2011/3/29,68.96557112
2011/3/30,66.20694828
2011/3/31,68.96557112
2011/4/1,68.96557112
2011/4/2,52.41383405
2011/4/3,46.89658836
2011/4/4,30.34485129
2011/4/5,33.10347414
2011/4/6,57.93107974
2011/4/7,52.41383405
2011/4/8,57.93107974
2011/4/9,49.65521121
2011/4/10,41.37934267
2011/4/11,0
2011/4/12,16.55173707
2011/4/13,49.65521121
2011/4/14,19.31035991
2011/4/15,46.89658836
2011/4/16,44.13796552
2011/4/17,30.34485129
2011/4/18,35.86209698
2011/4/19,44.13796552
2011/4/20,24.8276056
2011/4/21,41.37934267
2011/4/22,57.93107974
2011/4/23,38.62071983
2011/4/24,0
2011/4/25,0
2011/4/26,0
2011/4/27,0
2011/4/28,0
2011/4/29,13.79311422
2011/4/30,19.31035991
2011/5/1,22.06898276
2011/5/2,16.55173707
2011/5/3,0
2011/5/4,24.8276056
2011/5/5,27.58622845
2011/5/6,24.8276056
2011/5/7,13.79311422
2011/5/8,13.79311422
2011/5/9,11.03449138
2011/5/10,8.275868534
2011/5/11,13.79311422
2011/5/12,2.758622845
2011/5/13,16.55173707
2011/5/14,11.03449138
2011/5/15,0
2011/5/16,19.31035991
2011/5/17,22.06898276
2011/5/18,5.51724569
2011/5/19,0
2011/5/20,5.51724569
2011/5/21,0
2011/5/22,16.55173707
2011/5/23,2.758622845
2011/5/24,0
2011/5/25,0
2011/5/26,0
2011/5/27,0
2011/5/28,0
2011/5/29,0
2011/5/30,0
2011/5/31,0
2011/6/1,0
2011/6/2,0
2011/6/3,0
2011/6/4,2.758622845
2011/6/5,2.758622845
2011/6/6,0
2011/6/7,0
2011/6/8,0
2011/6/9,0
2011/6/10,0
2011/6/11,0
2011/6/12,0
2011/6/13,0
2011/6/14,2.758622845
2011/6/15,0
2011/6/16,0
2011/6/17,0
2011/6/18,0
2011/6/19,0
2011/6/20,0
2011/6/21,0
2011/6/22,0
2011/6/23,0
2011/6/24,0
2011/6/25,0
2011/6/26,0
2011/6/27,0
2011/6/28,0
2011/6/29,0
2011/6/30,0
2011/7/1,0
2011/7/2,0
2011/7/3,0
2011/7/4,0
2011/7/5,0
2011/7/6,0
2011/7/7,0
2011/7/8,0
2011/7/9,0
2011/7/10,0
2011/7/11,0
2011/7/12,0
2011/7/13,0
2011/7/14,0
2011/7/15,0
2011/7/16,0
2011/7/17,0
2011/7/18,0
2011/7/19,0
2011/7/20,0
2011/7/21,0
2011/7/22,0
2011/7/23,0
2011/7/24,0
2011/7/25,0
2011/7/26,0
2011/7/27,0
2011/7/28,0
2011/7/29,0
2011/7/30,0
2011/7/31,0
2011/8/1,0
2011/8/2,0
2011/8/3,0
2011/8/4,0
2011/8/5,0
2011/8/6,0
2011/8/7,0
2011/8/8,0
2011/8/9,0
2011/8/10,0
2011/8/11,0
2011/8/12,0
2011/8/13,0
2011/8/14,0
2011/8/15,0
2011/8/16,0
2011/8/17,0
2011/8/18,0
2011/8/19,0
2011/8/20,0
2011/8/21,0
2011/8/22,0
2011/8/23,0
2011/8/24,0
2011/8/25,0
2011/8/26,0
2011/8/27,0
2011/8/28,0
2011/8/29,0
2011/8/30,0
2011/8/31,0
2011/9/1,0
2011/9/2,0
2011/9/3,0
2011/9/4,0
2011/9/5,0
2011/9/6,2.758622845
2011/9/7,0
2011/9/8,0
2011/9/9,0
2011/9/10,0
2011/9/11,0
2011/9/12,0
2011/9/13,0
2011/9/14,0
2011/9/15,5.51724569
2011/9/16,22.06898276
2011/9/17,19.31035991
2011/9/18,13.79311422
2011/9/19,19.31035991
2011/9/20,0
2011/9/21,0
2011/9/22,0
2011/9/23,0
2011/9/24,0
2011/9/25,0
2011/9/26,0
2011/9/27,0
2011/9/28,0
2011/9/29,0
2011/9/30,0
2011/10/1,19.31035991
2011/10/2,22.06898276
2011/10/3,33.10347414
2011/10/4,24.8276056
2011/10/5,8.275868534
2011/10/6,27.58622845
2011/10/7,24.8276056
2011/10/8,2.758622845
2011/10/9,0
2011/10/10,0
2011/10/11,0
2011/10/12,13.79311422
2011/10/13,8.275868534
2011/10/14,0
2011/10/15,16.55173707
2011/10/16,16.55173707
2011/10/17,11.03449138
2011/10/18,2.758622845
2011/10/19,13.79311422
2011/10/20,11.03449138
2011/10/21,30.34485129
2011/10/22,35.86209698
2011/10/23,24.8276056
2011/10/24,33.10347414
2011/10/25,30.34485129
2011/10/26,30.34485129
2011/10/27,44.13796552
2011/10/28,60.68970259
2011/10/29,74.48281681
2011/10/30,71.72419397
2011/10/31,66.20694828
2011/11/1,49.65521121
2011/11/2,44.13796552
2011/11/3,41.37934267
2011/11/4,49.65521121
2011/11/5,63.44832543
2011/11/6,179.3104849
2011/11/7,179.3104849
2011/11/8,13.79311422
2011/11/9,24.8276056
2011/11/10,13.79311422
2011/11/11,57.93107974
2011/11/12,52.41383405
2011/11/13,41.37934267
2011/11/14,16.55173707
2011/11/15,8.275868534
2011/11/16,11.03449138
2011/11/17,55.1724569
2011/11/18,68.96557112
2011/11/19,63.44832543
2011/11/20,30.34485129
2011/11/21,38.62071983
2011/11/22,55.1724569
2011/11/23,55.1724569
2011/11/24,55.1724569
2011/11/25,41.37934267
2011/11/26,35.86209698
2011/11/27,41.37934267
2011/11/28,13.79311422
2011/11/29,13.79311422
2011/11/30,49.65521121
2011/12/1,57.93107974
2011/12/2,60.68970259
2011/12/3,68.96557112
2011/12/4,55.1724569
2011/12/5,46.89658836
2011/12/6,22.06898276
2011/12/7,35.86209698
2011/12/8,66.20694828
2011/12/9,60.68970259
2011/12/10,77.24143966
2011/12/11,88.27593103
2011/12/12,80.0000625
2011/12/13,80.0000625
2011/12/14,57.93107974
2011/12/15,30.34485129
2011/12/16,46.89658836
2011/12/17,68.96557112
2011/12/18,104.8276681
2011/12/19,82.75868534
2011/12/20,57.93107974
2011/12/21,35.86209698
2011/12/22,33.10347414
2011/12/23,63.44832543
2011/12/24,88.27593103
2011/12/25,77.24143966
2011/12/26,71.72419397
2011/12/27,60.68970259
2011/12/28,68.96557112
2011/12/29,96.55179957
2011/12/30,66.20694828
2011/12/31,49.65521121
2012/1/1,60.68970259
2012/1/2,68.96557112
2012/1/3,115.8621595
2012/1/4,124.138028
2012/1/5,88.27593103
2012/1/6,63.44832543
2012/1/7,52.41383405
2012/1/8,74.48281681
2012/1/9,85.51730819
2012/1/10,74.48281681
2012/1/11,77.24143966
2012/1/12,44.13796552
2012/1/13,71.72419397
2012/1/14,96.55179957
2012/1/15,121.3794052
2012/1/16,104.8276681
2012/1/17,68.96557112
2012/1/18,74.48281681
2012/1/19,102.0690453
2012/1/20,96.55179957
2012/1/21,113.1035366
2012/1/22,107.5862909
2012/1/23,63.44832543
2012/1/24,52.41383405
2012/1/25,68.96557112
2012/1/26,77.24143966
2012/1/27,46.89658836
2012/1/28,66.20694828
2012/1/29,74.48281681
2012/1/30,80.0000625
2012/1/31,49.65521121
2012/2/1,35.86209698
2012/2/2,63.44832543
2012/2/3,77.24143966
2012/2/4,68.96557112
2012/2/5,82.75868534
2012/2/6,68.96557112
2012/2/7,71.72419397
2012/2/8,85.51730819
2012/2/9,74.48281681
2012/2/10,74.48281681
2012/2/11,82.75868534
2012/2/12,104.8276681
2012/2/13,80.0000625
2012/2/14,66.20694828
2012/2/15,66.20694828
2012/2/16,77.24143966
2012/2/17,57.93107974
2012/2/18,66.20694828
2012/2/19,77.24143966
2012/2/20,74.48281681
2012/2/21,77.24143966
2012/2/22,41.37934267
2012/2/23,41.37934267
2012/2/24,66.20694828
2012/2/25,71.72419397
2012/2/26,77.24143966
2012/2/27,63.44832543
2012/2/29,68.96557112
2012/3/1,68.96557112
2012/3/2,66.20694828
2012/3/3,44.13796552
2012/3/4,68.96557112
2012/3/5,80.0000625
2012/3/6,82.75868534
2012/3/7,33.10347414
2012/3/8,11.03449138
2012/3/9,41.37934267
2012/3/10,82.75868534
2012/3/11,52.41383405
2012/3/12,30.34485129
2012/3/13,2.758622845
2012/3/14,13.79311422
2012/3/15,46.89658836
2012/3/16,49.65521121
2012/3/17,30.34485129
2012/3/18,27.58622845
2012/3/19,8.275868534
2012/3/20,2.758622845
2012/3/21,2.758622845
2012/3/22,0
2012/3/23,0
2012/3/24,24.8276056
2012/3/25,44.13796552
2012/3/26,57.93107974
2012/3/27,66.20694828
2012/3/28,27.58622845
2012/3/29,33.10347414
2012/3/30,46.89658836
2012/3/31,66.20694828
2012/4/1,46.89658836
2012/4/2,44.13796552
2012/4/3,38.62071983
2012/4/4,22.06898276
2012/4/5,44.13796552
2012/4/6,46.89658836
2012/4/7,46.89658836
2012/4/8,30.34485129
2012/4/9,24.8276056
2012/4/10,38.62071983
2012/4/11,49.65521121
2012/4/12,38.62071983
2012/4/13,30.34485129
2012/4/14,24.8276056
2012/4/15,0
2012/4/16,0
2012/4/17,0
2012/4/18,22.06898276
2012/4/19,16.55173707
2012/4/20,16.55173707
2012/4/21,0
2012/4/22,38.62071983
2012/4/23,44.13796552
2012/4/24,41.37934267
2012/4/25,41.37934267
2012/4/26,35.86209698
2012/4/27,46.89658836
2012/4/28,44.13796552
2012/4/29,35.86209698
2012/4/30,41.37934267
2012/5/1,11.03449138
2012/5/2,35.86209698
2012/5/3,19.31035991
2012/5/4,0
2012/5/5,13.79311422
2012/5/6,16.55173707
2012/5/7,16.55173707
2012/5/8,8.275868534
2012/5/9,0
2012/5/10,24.8276056
2012/5/11,19.31035991
2012/5/12,5.51724569
2012/5/13,0
2012/5/14,0
2012/5/15,0
2012/5/16,0
2012/5/17,8.275868534
2012/5/18,8.275868534
2012/5/19,2.758622845
2012/5/20,0
2012/5/21,11.03449138
2012/5/22,0
2012/5/23,0
2012/5/24,0
2012/5/25,0
2012/5/26,0
2012/5/27,0
2012/5/28,0
2012/5/29,0
2012/5/30,0
2012/5/31,0
2012/6/1,0
2012/6/2,0
2012/6/3,0
2012/6/4,16.55173707
2012/6/5,19.31035991
2012/6/6,8.275868534
2012/6/7,0
2012/6/8,0
2012/6/9,0
2012/6/10,0
2012/6/11,0
2012/6/12,0
2012/6/13,0
2012/6/14,0
2012/6/15,0
2012/6/16,0
2012/6/17,0
2012/6/18,5.51724569
2012/6/19,0
2012/6/20,0
2012/6/21,0
2012/6/22,0
2012/6/23,0
2012/6/24,0
2012/6/25,0
2012/6/26,0
2012/6/27,0
2012/6/28,0
2012/6/29,0
2012/6/30,0
2012/7/1,0
2012/7/2,0
2012/7/3,0
2012/7/4,0
2012/7/5,0
2012/7/6,0
2012/7/7,0
2012/7/8,0
2012/7/9,0
2012/7/10,0
2012/7/11,0
2012/7/12,0
2012/7/13,0
2012/7/14,0
2012/7/15,0
2012/7/16,0
2012/7/17,0
2012/7/18,0
2012/7/19,0
2012/7/20,0
2012/7/21,0
2012/7/22,0
2012/7/23,0
2012/7/24,0
2012/7/25,0
2012/7/26,0
2012/7/27,0
2012/7/28,0
2012/7/29,0
2012/7/30,0
2012/7/31,0
2012/8/1,0
2012/8/2,0
2012/8/3,0
2012/8/4,0
2012/8/5,0
2012/8/6,0
2012/8/7,0
2012/8/8,0
2012/8/9,0
2012/8/10,0
2012/8/11,0
2012/8/12,0
2012/8/13,0
2012/8/14,0
2012/8/15,0
2012/8/16,0
2012/8/17,0
2012/8/18,0
2012/8/19,0
2012/8/20,0
2012/8/21,0
2012/8/22,0
2012/8/23,0
2012/8/24,0
2012/8/25,0
2012/8/26,0
2012/8/27,0
2012/8/28,0
2012/8/29,0
2012/8/30,0
2012/8/31,0
2012/9/1,0
2012/9/2,0
2012/9/3,0
2012/9/4,0
2012/9/5,0
2012/9/6,0
2012/9/7,0
2012/9/8,0
2012/9/9,0
2012/9/10,2.758622845
2012/9/11,8.275868534
2012/9/12,0
2012/9/13,0
2012/9/14,0
2012/9/15,0
2012/9/16,2.758622845
2012/9/17,2.758622845
2012/9/18,0
2012/9/19,8.275868534
2012/9/20,16.55173707
2012/9/21,0
2012/9/22,0
2012/9/23,13.79311422
2012/9/24,19.31035991
2012/9/25,13.79311422
2012/9/26,0
2012/9/27,0
2012/9/28,0
2012/9/29,11.03449138
2012/9/30,8.275868534
2012/10/1,13.79311422
2012/10/2,0
2012/10/3,0
2012/10/4,0
2012/10/5,0
2012/10/6,0
2012/10/7,46.89658836
2012/10/8,46.89658836
2012/10/9,30.34485129
2012/10/10,13.79311422
2012/10/11,30.34485129
2012/10/12,44.13796552
2012/10/13,63.44832543
2012/10/14,8.275868534
2012/10/15,0
2012/10/16,33.10347414
2012/10/17,38.62071983
2012/10/18,27.58622845
2012/10/19,0
2012/10/20,11.03449138
2012/10/21,24.8276056
2012/10/22,19.31035991
2012/10/23,27.58622845
2012/10/24,19.31035991
2012/10/25,8.275868534
2012/10/26,2.758622845
2012/10/27,8.275868534
2012/10/28,19.31035991
2012/10/29,16.55173707
2012/10/30,35.86209698
2012/10/31,52.41383405
2012/11/1,52.41383405
2012/11/2,49.65521121
2012/11/3,52.41383405
2012/11/4,55.1724569
2012/11/5,68.96557112
2012/11/6,80.0000625
2012/11/7,80.0000625
2012/11/8,66.20694828
2012/11/9,55.1724569
2012/11/10,46.89658836
2012/11/11,38.62071983
2012/11/12,24.8276056
2012/11/13,41.37934267
2012/11/14,66.20694828
2012/11/15,68.96557112
2012/11/16,66.20694828
2012/11/17,60.68970259
2012/11/18,63.44832543
2012/11/19,63.44832543
2012/11/20,63.44832543
2012/11/21,52.41383405
2012/11/22,57.93107974
2012/11/23,60.68970259
2012/11/24,63.44832543
2012/11/25,74.48281681
2012/11/26,66.20694828
2012/11/27,82.75868534
2012/11/28,82.75868534
2012/11/29,74.48281681
2012/11/30,77.24143966
2012/12/1,74.48281681
2012/12/2,55.1724569
2012/12/3,35.86209698
2012/12/4,22.06898276
2012/12/5,55.1724569
2012/12/6,80.0000625
2012/12/7,82.75868534
2012/12/8,52.41383405
2012/12/9,55.1724569
2012/12/10,35.86209698
2012/12/11,46.89658836
2012/12/12,74.48281681
2012/12/13,74.48281681
2012/12/14,71.72419397
2012/12/15,71.72419397
2012/12/16,57.93107974
2012/12/17,63.44832543
2012/12/18,41.37934267
2012/12/19,60.68970259
2012/12/20,71.72419397
2012/12/21,49.65521121
2012/12/22,77.24143966
2012/12/23,77.24143966
2012/12/24,91.03455388
2012/12/25,80.0000625
2012/12/26,88.27593103
2012/12/27,85.51730819
2012/12/28,93.79317672
2012/12/29,96.55179957
2012/12/30,93.79317672
2012/12/31,93.79317672
2013/1/1,91.03455388
2013/1/2,104.8276681
2013/1/3,102.0690453
2013/1/4,85.51730819
2013/1/5,80.0000625
2013/1/6,71.72419397
2013/1/7,77.24143966
2013/1/8,77.24143966
2013/1/9,74.48281681
2013/1/10,63.44832543
2013/1/11,74.48281681
2013/1/12,57.93107974
2013/1/13,52.41383405
2013/1/14,46.89658836
2013/1/15,77.24143966
2013/1/16,85.51730819
2013/1/17,71.72419397
2013/1/18,99.31042241
2013/1/19,74.48281681
2013/1/20,66.20694828
2013/1/21,104.8276681
2013/1/22,124.138028
2013/1/23,137.9311422
2013/1/24,132.4138966
2013/1/25,129.6552737
2013/1/26,124.138028
2013/1/27,107.5862909
2013/1/28,99.31042241
2013/1/29,57.93107974
2013/1/30,41.37934267
2013/1/31,55.1724569
2013/2/1,102.0690453
2013/2/2,113.1035366
2013/2/3,104.8276681
2013/2/4,104.8276681
2013/2/5,102.0690453
2013/2/6,91.03455388
2013/2/7,102.0690453
2013/2/8,96.55179957
2013/2/9,107.5862909
2013/2/10,115.8621595
2013/2/11,82.75868534
2013/2/12,71.72419397
2013/2/13,77.24143966
2013/2/14,71.72419397
2013/2/15,55.1724569
2013/2/16,82.75868534
2013/2/17,110.3449138
2013/2/18,107.5862909
2013/2/19,77.24143966
2013/2/20,93.79317672
2013/2/21,99.31042241
2013/2/22,96.55179957
2013/2/23,74.48281681
2013/2/24,68.96557112
2013/2/25,77.24143966
2013/2/26,80.0000625
2013/2/27,66.20694828
2013/2/28,57.93107974
2013/3/1,68.96557112
2013/3/2,82.75868534
2013/3/3,85.51730819
2013/3/4,85.51730819
2013/3/5,71.72419397
2013/3/6,68.96557112
2013/3/7,80.0000625
2013/3/8,77.24143966
2013/3/9,57.93107974
2013/3/10,71.72419397
2013/3/11,49.65521121
2013/3/12,44.13796552
2013/3/13,57.93107974
2013/3/14,82.75868534
2013/3/15,71.72419397
2013/3/16,80.0000625
2013/3/17,88.27593103
2013/3/18,93.79317672
2013/3/19,71.72419397
2013/3/20,74.48281681
2013/3/21,82.75868534
2013/3/22,85.51730819
2013/3/23,71.72419397
2013/3/24,71.72419397
2013/3/25,71.72419397
2013/3/26,63.44832543
2013/3/27,60.68970259
2013/3/28,60.68970259
2013/3/29,55.1724569
2013/3/30,55.1724569
2013/3/31,60.68970259
2013/4/1,44.13796552
2013/4/2,80.0000625
2013/4/3,71.72419397
2013/4/4,66.20694828
2013/4/5,38.62071983
2013/4/6,60.68970259
2013/4/7,49.65521121
2013/4/8,16.55173707
2013/4/9,0
2013/4/10,0
2013/4/11,30.34485129
2013/4/12,63.44832543
2013/4/13,44.13796552
2013/4/14,38.62071983
2013/4/15,38.62071983
2013/4/16,24.8276056
2013/4/17,13.79311422
2013/4/18,27.58622845
2013/4/19,0
2013/4/20,38.62071983
2013/4/21,57.93107974
2013/4/22,49.65521121
2013/4/23,52.41383405
2013/4/24,27.58622845
2013/4/25,24.8276056
2013/4/26,30.34485129
2013/4/27,24.8276056
2013/4/28,24.8276056
2013/4/29,22.06898276
2013/4/30,16.55173707
2013/5/1,27.58622845
2013/5/2,19.31035991
2013/5/3,22.06898276
2013/5/4,24.8276056
2013/5/5,27.58622845
2013/5/6,19.31035991
2013/5/7,5.51724569
2013/5/8,13.79311422
2013/5/9,11.03449138
2013/5/10,0
2013/5/11,0
2013/5/12,16.55173707
2013/5/13,44.13796552
2013/5/14,41.37934267
2013/5/15,13.79311422
2013/5/16,0
2013/5/17,0
2013/5/18,13.79311422
2013/5/19,19.31035991
2013/5/20,0
2013/5/21,0
2013/5/22,0
2013/5/23,0
2013/5/24,24.8276056
2013/5/25,44.13796552
2013/5/26,24.8276056
2013/5/27,16.55173707
2013/5/28,13.79311422
2013/5/29,0
2013/5/30,0
2013/5/31,0
2013/6/1,0
2013/6/2,0
2013/6/3,0
2013/6/4,0
2013/6/5,0
2013/6/6,2.758622845
2013/6/7,13.79311422
2013/6/8,0
2013/6/9,0
2013/6/10,0
2013/6/11,0
2013/6/12,0
2013/6/13,11.03449138
2013/6/14,5.51724569
2013/6/15,0
2013/6/16,0
2013/6/17,0
2013/6/18,0
2013/6/19,0
2013/6/20,0
2013/6/21,0
2013/6/22,0
2013/6/23,0
2013/6/24,0
2013/6/25,0
2013/6/26,0
2013/6/27,0
2013/6/28,0
2013/6/29,0
2013/6/30,0
2013/7/1,0
2013/7/2,0
2013/7/3,0
2013/7/4,0
2013/7/5,0
2013/7/6,0
2013/7/7,0
2013/7/8,0
2013/7/9,0
2013/7/10,0
2013/7/11,0
2013/7/12,0
2013/7/13,0
2013/7/14,0
2013/7/15,0
2013/7/16,0
2013/7/17,0
2013/7/18,0
2013/7/19,0
2013/7/20,0
2013/7/21,0
2013/7/22,0
2013/7/23,0
2013/7/24,0
2013/7/25,0
2013/7/26,0
2013/7/27,0
2013/7/28,0
2013/7/29,0
2013/7/30,0
2013/7/31,0
2013/8/1,0
2013/8/2,0
2013/8/3,0
2013/8/4,0
2013/8/5,0
2013/8/6,0
2013/8/7,0
2013/8/8,0
2013/8/9,0
2013/8/10,0
2013/8/11,0
2013/8/12,0
2013/8/13,0
2013/8/14,0
2013/8/15,0
2013/8/16,0
2013/8/17,0
2013/8/18,0
2013/8/19,0
2013/8/20,0
2013/8/21,0
2013/8/22,0
2013/8/23,0
2013/8/24,0
2013/8/25,0
2013/8/26,0
2013/8/27,0
2013/8/28,0
2013/8/29,0
2013/8/30,0
2013/8/31,0
2013/9/1,0
2013/9/2,0
2013/9/3,0
2013/9/4,0
2013/9/5,0
2013/9/6,11.03449138
2013/9/7,0
2013/9/8,0
2013/9/9,5.51724569
2013/9/10,0
2013/9/11,0
2013/9/12,0
2013/9/13,0
2013/9/14,16.55173707
2013/9/15,16.55173707
2013/9/16,2.758622845
2013/9/17,22.06898276
2013/9/18,13.79311422
2013/9/19,0
2013/9/20,0
2013/9/21,0
2013/9/22,8.275868534
2013/9/23,19.31035991
2013/9/24,11.03449138
2013/9/25,8.275868534
2013/9/26,2.758622845
2013/9/27,8.275868534
2013/9/28,0
2013/9/29,5.51724569
2013/9/30,0
2013/10/1,110.3449138
2013/10/2,179.3104849
2013/10/3,0
2013/10/4,0
2013/10/5,0
2013/10/6,0
2013/10/7,0
2013/10/8,13.79311422
2013/10/9,19.31035991
2013/10/10,13.79311422
2013/10/11,0
2013/10/12,0
2013/10/13,11.03449138
2013/10/14,8.275868534
2013/10/15,2.758622845
2013/10/16,0
2013/10/17,0
2013/10/18,8.275868534
2013/10/19,24.8276056
2013/10/20,24.8276056
2013/10/21,22.06898276
2013/10/22,24.8276056
2013/10/23,44.13796552
2013/10/24,46.89658836
2013/10/25,52.41383405
2013/10/26,52.41383405
2013/10/27,35.86209698
2013/10/28,41.37934267
2013/10/29,41.37934267
2013/10/30,33.10347414
2013/10/31,19.31035991
2013/11/1,2.758622845
2013/11/2,13.79311422
2013/11/3,57.93107974
2013/11/4,66.20694828
2013/11/5,44.13796552
2013/11/6,27.58622845
2013/11/7,33.10347414
2013/11/8,52.41383405
2013/11/9,57.93107974
2013/11/10,35.86209698
2013/11/11,38.62071983
2013/11/12,66.20694828
2013/11/13,82.75868534
2013/11/14,63.44832543
2013/11/15,52.41383405
2013/11/16,44.13796552
2013/11/17,19.31035991
2013/11/18,16.55173707
2013/11/19,60.68970259
2013/11/20,71.72419397
2013/11/21,63.44832543
2013/11/22,24.8276056
2013/11/23,60.68970259
2013/11/24,102.0690453
2013/11/25,96.55179957
2013/11/26,66.20694828
2013/11/27,19.31035991
2013/11/28,88.27593103
2013/11/29,85.51730819
2013/11/30,91.03455388
2013/12/1,57.93107974
2013/12/2,60.68970259
2013/12/3,55.1724569
2013/12/4,46.89658836
2013/12/5,24.8276056
2013/12/6,49.65521121
2013/12/7,77.24143966
2013/12/8,93.79317672
2013/12/9,71.72419397
2013/12/10,88.27593103
2013/12/11,93.79317672
2013/12/12,104.8276681
2013/12/13,99.31042241
2013/12/14,104.8276681
2013/12/15,82.75868534
2013/12/16,102.0690453
2013/12/17,107.5862909
2013/12/18,99.31042241
2013/12/19,82.75868534
2013/12/20,55.1724569
2013/12/21,38.62071983
2013/12/22,8.275868534
2013/12/23,33.10347414
2013/12/24,85.51730819
2013/12/25,110.3449138
2013/12/26,88.27593103
2013/12/27,85.51730819
2013/12/28,66.20694828
2013/12/29,66.20694828
2013/12/30,85.51730819
2013/12/31,104.8276681
2014/1/1,102.0690453
2014/1/2,113.1035366
2014/1/3,143.4483879
2014/1/4,137.9311422
2014/1/5,113.1035366
2014/1/6,74.48281681
2014/1/7,146.2070108
2014/1/8,132.4138966
2014/1/9,102.0690453
2014/1/10,93.79317672
2014/1/11,49.65521121
2014/1/12,55.1724569
2014/1/13,63.44832543
2014/1/14,55.1724569
2014/1/15,66.20694828
2014/1/16,74.48281681
2014/1/17,74.48281681
2014/1/18,82.75868534
2014/1/19,91.03455388
2014/1/20,74.48281681
2014/1/21,118.6207823
2014/1/22,146.2070108
2014/1/23,140.6897651
2014/1/24,135.1725194
2014/1/25,115.8621595
2014/1/26,115.8621595
2014/1/27,91.03455388
2014/1/28,132.4138966
2014/1/29,124.138028
2014/1/30,124.138028
2014/1/31,93.79317672
2014/2/1,74.48281681
2014/2/2,66.20694828
2014/2/3,82.75868534
2014/2/4,99.31042241
2014/2/5,91.03455388
2014/2/6,104.8276681
2014/2/7,96.55179957
2014/2/8,115.8621595
2014/2/9,110.3449138
2014/2/10,113.1035366
2014/2/11,121.3794052
2014/2/12,132.4138966
2014/2/13,99.31042241
2014/2/14,82.75868534
2014/2/15,91.03455388
2014/2/16,110.3449138
2014/2/17,107.5862909
2014/2/18,91.03455388
2014/2/19,85.51730819
2014/2/20,66.20694828
2014/2/21,68.96557112
2014/2/22,63.44832543
2014/2/23,63.44832543
2014/2/24,80.0000625
2014/2/25,104.8276681
2014/2/26,110.3449138
2014/2/27,115.8621595
2014/2/28,129.6552737
2014/3/1,104.8276681
2014/3/2,77.24143966
2014/3/3,110.3449138
2014/3/4,121.3794052
2014/3/5,93.79317672
2014/3/6,115.8621595
2014/3/7,91.03455388
2014/3/8,57.93107974
2014/3/9,68.96557112
2014/3/10,57.93107974
2014/3/11,35.86209698
2014/3/12,52.41383405
2014/3/13,107.5862909
2014/3/14,82.75868534
2014/3/15,41.37934267
2014/3/16,82.75868534
2014/3/17,102.0690453
2014/3/18,85.51730819
2014/3/19,77.24143966
2014/3/20,46.89658836
2014/3/21,57.93107974
2014/3/22,44.13796552
2014/3/23,82.75868534
2014/3/24,99.31042241
2014/3/25,93.79317672
2014/3/26,93.79317672
2014/3/27,85.51730819
2014/3/28,44.13796552
2014/3/29,49.65521121
2014/3/30,55.1724569
2014/3/31,52.41383405
2014/4/1,44.13796552
2014/4/2,49.65521121
2014/4/3,24.8276056
2014/4/4,55.1724569
2014/4/5,49.65521121
2014/4/6,44.13796552
2014/4/7,52.41383405
2014/4/8,24.8276056
2014/4/9,38.62071983
2014/4/10,41.37934267
2014/4/11,0
2014/4/12,13.79311422
2014/4/13,0
2014/4/14,0
2014/4/15,38.62071983
2014/4/16,66.20694828
2014/4/17,57.93107974
2014/4/18,60.68970259
2014/4/19,30.34485129
2014/4/20,41.37934267
2014/4/21,30.34485129
2014/4/22,11.03449138
2014/4/23,30.34485129
2014/4/24,33.10347414
2014/4/25,38.62071983
2014/4/26,22.06898276
2014/4/27,35.86209698
2014/4/28,27.58622845
2014/4/29,44.13796552
2014/4/30,44.13796552
2014/5/1,0
2014/5/2,5.51724569
2014/5/3,13.79311422
2014/5/4,16.55173707
2014/5/5,13.79311422
2014/5/6,13.79311422
2014/5/7,2.758622845
2014/5/8,19.31035991
2014/5/9,0
2014/5/10,0
2014/5/11,0
2014/5/12,0
2014/5/13,0
2014/5/14,5.51724569
2014/5/15,0
2014/5/16,0
2014/5/17,8.275868534
2014/5/18,16.55173707
2014/5/19,13.79311422
2014/5/20,0
2014/5/21,0
2014/5/22,0
2014/5/23,0
2014/5/24,0
2014/5/25,0
2014/5/26,0
2014/5/27,0
2014/5/28,2.758622845
2014/5/29,8.275868534
2014/5/30,0
2014/5/31,0
2014/6/1,0
2014/6/2,0
2014/6/3,0
2014/6/4,0
2014/6/5,0
2014/6/6,0
2014/6/7,0
2014/6/8,0
2014/6/9,0
2014/6/10,0
2014/6/11,0
2014/6/12,0
2014/6/13,0
2014/6/14,0
2014/6/15,0
2014/6/16,0
2014/6/17,0
2014/6/18,0
2014/6/19,0
2014/6/20,0
2014/6/21,0
2014/6/22,0
2014/6/23,0
2014/6/24,0
2014/6/25,0
2014/6/26,0
2014/6/27,0
2014/6/28,0
2014/6/29,0
2014/6/30,0
2014/7/1,0
2014/7/2,0
2014/7/3,0
2014/7/4,0
2014/7/5,0
2014/7/6,0
2014/7/7,0
2014/7/8,0
2014/7/9,0
2014/7/10,0
2014/7/11,0
2014/7/12,0
2014/7/13,0
2014/7/14,0
2014/7/15,0
2014/7/16,0
2014/7/17,0
2014/7/18,0
2014/7/19,0
2014/7/20,0
2014/7/21,0
2014/7/22,0
2014/7/23,0
2014/7/24,0
2014/7/25,0
2014/7/26,0
2014/7/27,0
2014/7/28,0
2014/7/29,0
2014/7/30,0
2014/7/31,0
2014/8/1,0
2014/8/2,0
2014/8/3,0
2014/8/4,0
2014/8/5,0
2014/8/6,0
2014/8/7,0
2014/8/8,0
2014/8/9,0
2014/8/10,0
2014/8/11,0
2014/8/12,0
2014/8/13,0
2014/8/14,0
2014/8/15,0
2014/8/16,0
2014/8/17,0
2014/8/18,0
2014/8/19,0
2014/8/20,0
2014/8/21,0
2014/8/22,0
2014/8/23,0
2014/8/24,0
2014/8/25,0
2014/8/26,0
2014/8/27,0
2014/8/28,0
2014/8/29,0
2014/8/30,0
2014/8/31,0
2014/9/1,0
2014/9/2,0
2014/9/3,0
2014/9/4,0
2014/9/5,0
2014/9/6,0
2014/9/7,0
2014/9/8,0
2014/9/9,0
2014/9/10,0
2014/9/11,0
2014/9/12,0
2014/9/13,5.51724569
2014/9/14,8.275868534
2014/9/15,11.03449138
2014/9/16,2.758622845
2014/9/17,2.758622845
2014/9/18,0
2014/9/19,13.79311422
2014/9/20,0
2014/9/21,0
2014/9/22,8.275868534
2014/9/23,11.03449138
2014/9/24,5.51724569
2014/9/25,11.03449138
2014/9/26,0
2014/9/27,0
2014/9/28,0
2014/9/29,0
2014/9/30,0
2014/10/1,5.51724569
2014/10/2,0
2014/10/3,0
2014/10/4,13.79311422
2014/10/5,35.86209698
2014/10/6,22.06898276
2014/10/7,0
2014/10/8,0
2014/10/9,8.275868534
2014/10/10,24.8276056
2014/10/11,33.10347414
2014/10/12,30.34485129
2014/10/13,24.8276056
2014/10/14,0
2014/10/15,0
2014/10/16,0
2014/10/17,0
2014/10/18,5.51724569
2014/10/19,44.13796552
2014/10/20,44.13796552
2014/10/21,13.79311422
2014/10/22,30.34485129
2014/10/23,35.86209698
2014/10/24,22.06898276
2014/10/25,27.58622845
2014/10/26,24.8276056
2014/10/27,24.8276056
2014/10/28,16.55173707
2014/10/29,13.79311422
2014/10/30,41.37934267
2014/10/31,49.65521121
2014/11/1,55.1724569
2014/11/2,57.93107974
2014/11/3,41.37934267
2014/11/4,11.03449138
2014/11/5,16.55173707
2014/11/6,41.37934267
2014/11/7,52.41383405
2014/11/8,68.96557112
2014/11/9,44.13796552
2014/11/10,41.37934267
2014/11/11,33.10347414
2014/11/12,27.58622845
2014/11/13,63.44832543
2014/11/14,80.0000625
2014/11/15,85.51730819
2014/11/16,71.72419397
2014/11/17,57.93107974
2014/11/18,85.51730819
2014/11/19,104.8276681
2014/11/20,74.48281681
2014/11/21,96.55179957
2014/11/22,91.03455388
2014/11/23,44.13796552
2014/11/24,11.03449138
2014/11/25,22.06898276
2014/11/26,66.20694828
2014/11/27,82.75868534
2014/11/28,93.79317672
2014/11/29,96.55179957
2014/11/30,52.41383405
2014/12/1,33.10347414
2014/12/2,74.48281681
2014/12/3,57.93107974
2014/12/4,74.48281681
2014/12/5,77.24143966
2014/12/6,60.68970259
2014/12/7,85.51730819
2014/12/8,99.31042241
2014/12/9,71.72419397
2014/12/10,77.24143966
2014/12/11,85.51730819
2014/12/12,85.51730819
2014/12/13,71.72419397
2014/12/14,66.20694828
2014/12/15,71.72419397
2014/12/16,66.20694828
2014/12/17,49.65521121
2014/12/18,71.72419397
2014/12/19,85.51730819
2014/12/20,91.03455388
2014/12/21,88.27593103
2014/12/22,68.96557112
2014/12/23,57.93107974
2014/12/24,46.89658836
2014/12/25,35.86209698
2014/12/26,66.20694828
2014/12/27,60.68970259
2014/12/28,55.1724569
2014/12/29,77.24143966
2014/12/30,99.31042241
2014/12/31,104.8276681
2015/1/1,99.31042241
2015/1/2,82.75868534
2015/1/3,91.03455388
2015/1/4,49.65521121
2015/1/5,85.51730819
2015/1/6,121.3794052
2015/1/7,135.1725194
2015/1/8,137.9311422
2015/1/9,110.3449138
2015/1/10,126.8966509
2015/1/11,110.3449138
2015/1/12,82.75868534
2015/1/13,110.3449138
2015/1/14,118.6207823
2015/1/15,99.31042241
2015/1/16,93.79317672
2015/1/17,118.6207823
2015/1/18,93.79317672
2015/1/19,77.24143966
2015/1/20,82.75868534
2015/1/21,102.0690453
2015/1/22,82.75868534
2015/1/23,91.03455388
2015/1/24,82.75868534
2015/1/25,82.75868534
2015/1/26,110.3449138
2015/1/27,113.1035366
2015/1/28,113.1035366
2015/1/29,115.8621595
2015/1/30,102.0690453
2015/1/31,126.8966509
2015/2/1,107.5862909
2015/2/2,115.8621595
2015/2/3,124.138028
2015/2/4,107.5862909
2015/2/5,113.1035366
2015/2/6,129.6552737
2015/2/7,110.3449138
2015/2/8,88.27593103
2015/2/9,104.8276681
2015/2/10,93.79317672
2015/2/11,104.8276681
2015/2/12,104.8276681
2015/2/13,140.6897651
2015/2/14,126.8966509
2015/2/15,143.4483879
2015/2/16,148.9656336
2015/2/17,124.138028
2015/2/18,124.138028
2015/2/19,135.1725194
2015/2/20,151.7242565
2015/2/21,129.6552737
2015/2/22,80.0000625
2015/2/23,121.3794052
2015/2/24,146.2070108
2015/2/25,110.3449138
2015/2/26,110.3449138
2015/2/27,115.8621595
2015/2/28,124.138028
2015/3/1,107.5862909
2015/3/2,93.79317672
2015/3/3,115.8621595
2015/3/4,63.44832543
2015/3/5,102.0690453
2015/3/6,126.8966509
2015/3/7,113.1035366
2015/3/8,74.48281681
2015/3/9,68.96557112
2015/3/10,63.44832543
2015/3/11,46.89658836
2015/3/12,68.96557112
2015/3/13,77.24143966
2015/3/14,57.93107974
2015/3/15,68.96557112
2015/3/16,66.20694828
2015/3/17,57.93107974
2015/3/18,88.27593103
2015/3/19,82.75868534
2015/3/20,88.27593103
2015/3/21,74.48281681
2015/3/22,82.75868534
2015/3/23,96.55179957
2015/3/24,82.75868534
2015/3/25,74.48281681
2015/3/26,38.62071983
2015/3/27,60.68970259
2015/3/28,88.27593103
2015/3/29,80.0000625
2015/3/30,60.68970259
2015/3/31,68.96557112
2015/4/1,63.44832543
2015/4/2,44.13796552
2015/4/3,11.03449138
2015/4/4,44.13796552
2015/4/5,49.65521121
2015/4/6,35.86209698
2015/4/7,44.13796552
2015/4/8,66.20694828
2015/4/9,68.96557112
2015/4/10,46.89658836
2015/4/11,44.13796552
2015/4/12,41.37934267
2015/4/13,24.8276056
2015/4/14,16.55173707
2015/4/15,13.79311422
2015/4/16,24.8276056
2015/4/17,5.51724569
2015/4/18,2.758622845
2015/4/19,30.34485129
2015/4/20,38.62071983
2015/4/21,16.55173707
2015/4/22,24.8276056
2015/4/23,55.1724569
2015/4/24,60.68970259
2015/4/25,49.65521121
2015/4/26,35.86209698
2015/4/27,30.34485129
2015/4/28,16.55173707
2015/4/29,5.51724569
2015/4/30,24.8276056
2015/5/1,22.06898276
2015/5/2,19.31035991
2015/5/3,8.275868534
2015/5/4,0
2015/5/5,0
2015/5/6,8.275868534
2015/5/7,2.758622845
2015/5/8,0
2015/5/9,2.758622845
2015/5/10,0
2015/5/11,0
2015/5/12,0
2015/5/13,13.79311422
2015/5/14,11.03449138
2015/5/15,5.51724569
2015/5/16,0
2015/5/17,0
2015/5/18,0
2015/5/19,0
2015/5/20,16.55173707
2015/5/21,22.06898276
2015/5/22,2.758622845
2015/5/23,19.31035991
2015/5/24,0
2015/5/25,0
2015/5/26,0
2015/5/27,0
2015/5/28,0
2015/5/29,0
2015/5/30,0
2015/5/31,0
2015/6/1,30.34485129
2015/6/2,33.10347414
2015/6/3,8.275868534
2015/6/4,13.79311422
2015/6/5,2.758622845
2015/6/6,0
2015/6/7,5.51724569
2015/6/8,0
2015/6/9,0
2015/6/10,0
2015/6/11,0
2015/6/12,0
2015/6/13,0
2015/6/14,0
2015/6/15,0
2015/6/16,0
2015/6/17,0
2015/6/18,0
2015/6/19,0
2015/6/20,0
2015/6/21,0
2015/6/22,0
2015/6/23,0
2015/6/24,0
2015/6/25,0
2015/6/26,0
2015/6/27,0
2015/6/28,0
2015/6/29,0
2015/6/30,0
2015/7/1,0
2015/7/2,0
2015/7/3,0
2015/7/4,0
2015/7/5,0
2015/7/6,0
2015/7/7,0
2015/7/8,0
2015/7/9,0
2015/7/10,0
2015/7/11,0
2015/7/12,0
2015/7/13,0
2015/7/14,0
2015/7/15,0
2015/7/16,0
2015/7/17,0
2015/7/18,0
2015/7/19,0
2015/7/20,0
2015/7/21,0
2015/7/22,0
2015/7/23,0
2015/7/24,0
2015/7/25,0
2015/7/26,0
2015/7/27,0
2015/7/28,0
2015/7/29,0
2015/7/30,0
2015/7/31,0
2015/8/1,0
2015/8/2,0
2015/8/3,0
2015/8/4,0
2015/8/5,0
2015/8/6,0
2015/8/7,0
2015/8/8,0
2015/8/9,0
2015/8/10,0
2015/8/11,0
2015/8/12,0
2015/8/13,0
2015/8/14,0
2015/8/15,0
2015/8/16,0
2015/8/17,0
2015/8/18,0
2015/8/19,0
2015/8/20,0
2015/8/21,0
2015/8/22,0
2015/8/23,0
2015/8/24,0
2015/8/25,0
2015/8/26,0
2015/8/27,0
2015/8/28,0
2015/8/29,0
2015/8/30,0
2015/8/31,0
2015/9/1,0
2015/9/2,0
2015/9/3,0
2015/9/4,0
2015/9/5,0
2015/9/6,0
2015/9/7,0
2015/9/8,0
2015/9/9,0
2015/9/10,0
2015/9/11,0
2015/9/12,0
2015/9/13,0
2015/9/14,0
2015/9/15,0
2015/9/16,0
2015/9/17,0
2015/9/18,0
2015/9/19,0
2015/9/20,0
2015/9/21,0
2015/9/22,0
2015/9/23,0
2015/9/24,0
2015/9/25,0
2015/9/26,2.758622845
2015/9/27,8.275868534
2015/9/28,0
2015/9/29,0
2015/9/30,0
2015/10/1,16.55173707
2015/10/2,38.62071983
2015/10/3,38.62071983
2015/10/4,19.31035991
2015/10/5,19.31035991
2015/10/6,16.55173707
2015/10/7,2.758622845
2015/10/8,5.51724569
2015/10/9,0
2015/10/10,22.06898276
2015/10/11,22.06898276
2015/10/12,8.275868534
2015/10/13,2.758622845
2015/10/14,11.03449138
2015/10/15,24.8276056
2015/10/16,24.8276056
2015/10/17,49.65521121
2015/10/18,66.20694828
2015/10/19,57.93107974
2015/10/20,13.79311422
2015/10/21,2.758622845
2015/10/22,2.758622845
2015/10/23,30.34485129
2015/10/24,52.41383405
2015/10/25,19.31035991
2015/10/26,44.13796552
2015/10/27,46.89658836
2015/10/28,16.55173707
2015/10/29,2.758622845
2015/10/30,33.10347414
2015/10/31,55.1724569
2015/11/1,19.31035991
2015/11/2,24.8276056
2015/11/3,13.79311422
2015/11/4,13.79311422
2015/11/5,5.51724569
2015/11/6,0
2015/11/7,13.79311422
2015/11/8,41.37934267
2015/11/9,49.65521121
2015/11/10,30.34485129
2015/11/11,27.58622845
2015/11/12,24.8276056
2015/11/13,35.86209698
2015/11/14,57.93107974
2015/11/15,55.1724569
2015/11/16,24.8276056
2015/11/17,57.93107974
2015/11/18,41.37934267
2015/11/19,5.51724569
2015/11/20,35.86209698
2015/11/21,55.1724569
2015/11/22,46.89658836
2015/11/23,74.48281681
2015/11/24,80.0000625
2015/11/25,68.96557112
2015/11/26,55.1724569
2015/11/27,33.10347414
2015/11/28,33.10347414
2015/11/29,60.68970259
2015/11/30,71.72419397
2015/12/1,52.41383405
2015/12/2,35.86209698
2015/12/3,46.89658836
2015/12/4,57.93107974
2015/12/5,63.44832543
2015/12/6,63.44832543
2015/12/7,57.93107974
2015/12/8,66.20694828
2015/12/9,57.93107974
2015/12/10,24.8276056
2015/12/11,33.10347414
2015/12/12,27.58622845
2015/12/13,16.55173707
2015/12/14,19.31035991
2015/12/15,16.55173707
2015/12/16,46.89658836
2015/12/17,24.8276056
2015/12/18,55.1724569
2015/12/19,77.24143966
2015/12/20,71.72419397
2015/12/21,60.68970259
2015/12/22,27.58622845
2015/12/23,27.58622845
2015/12/24,2.758622845
2015/12/25,16.55173707
2015/12/26,35.86209698
2015/12/27,33.10347414
2015/12/28,68.96557112
2015/12/29,35.86209698
2015/12/30,63.44832543
2015/12/31,60.68970259
2016/1/1,77.24143966
2016/1/2,82.75868534
2016/1/3,77.24143966
2016/1/4,110.3449138
2016/1/5,124.138028
2016/1/6,102.0690453
2016/1/7,82.75868534
2016/1/8,77.24143966
2016/1/9,60.68970259
2016/1/10,33.10347414
2016/1/11,91.03455388
2016/1/12,88.27593103
2016/1/13,107.5862909
2016/1/14,91.03455388
2016/1/15,68.96557112
2016/1/16,49.65521121
2016/1/17,82.75868534
2016/1/18,110.3449138
2016/1/19,115.8621595
2016/1/20,93.79317672
2016/1/21,93.79317672
2016/1/22,113.1035366
2016/1/23,107.5862909
2016/1/24,104.8276681
2016/1/25,110.3449138
2016/1/26,91.03455388
2016/1/27,82.75868534
2016/1/28,88.27593103
2016/1/29,88.27593103
2016/1/30,99.31042241
2016/1/31,66.20694828
2016/2/1,49.65521121
2016/2/2,66.20694828
2016/2/3,49.65521121
2016/2/4,44.13796552
2016/2/5,80.0000625
2016/2/6,91.03455388
2016/2/7,80.0000625
2016/2/8,88.27593103
2016/2/9,93.79317672
2016/2/10,82.75868534
2016/2/11,113.1035366
2016/2/12,118.6207823
2016/2/13,140.6897651
2016/2/14,157.2415022
2016/2/15,121.3794052
2016/2/16,55.1724569
2016/2/17,80.0000625
2016/2/18,93.79317672
2016/2/19,99.31042241
2016/2/20,41.37934267
2016/2/21,55.1724569
2016/2/22,55.1724569
2016/2/23,52.41383405
2016/2/24,46.89658836
2016/2/25,44.13796552
2016/2/26,91.03455388
2016/2/27,88.27593103
2016/2/28,49.65521121
2016/2/29,44.13796552
2016/3/1,55.1724569
2016/3/2,66.20694828
2016/3/3,93.79317672
2016/3/4,85.51730819
2016/3/5,85.51730819
2016/3/6,80.0000625
2016/3/7,52.41383405
2016/3/8,30.34485129
2016/3/9,13.79311422
2016/3/10,0
2016/3/11,22.06898276
2016/3/12,46.89658836
2016/3/13,38.62071983
2016/3/14,52.41383405
2016/3/15,41.37934267
2016/3/16,27.58622845
2016/3/17,35.86209698
2016/3/18,49.65521121
2016/3/19,68.96557112
2016/3/20,77.24143966
2016/3/21,66.20694828
2016/3/22,55.1724569
2016/3/23,22.06898276
2016/3/24,46.89658836
2016/3/25,19.31035991
2016/3/26,55.1724569
2016/3/27,44.13796552
2016/3/28,35.86209698
2016/3/29,55.1724569
2016/3/30,63.44832543
2016/3/31,24.8276056
2016/4/1,0
2016/4/2,38.62071983
2016/4/3,74.48281681
2016/4/4,80.0000625
2016/4/5,88.27593103
2016/4/6,80.0000625
2016/4/7,35.86209698
2016/4/8,60.68970259
2016/4/9,77.24143966
2016/4/10,68.96557112
2016/4/11,33.10347414
2016/4/12,41.37934267
2016/4/13,49.65521121
2016/4/14,38.62071983
2016/4/15,35.86209698
2016/4/16,30.34485129
2016/4/17,8.275868534
2016/4/18,0
2016/4/19,8.275868534
2016/4/20,22.06898276
2016/4/21,13.79311422
2016/4/22,0
2016/4/23,8.275868534
2016/4/24,22.06898276
2016/4/25,16.55173707
2016/4/26,30.34485129
2016/4/27,30.34485129
2016/4/28,33.10347414
2016/4/29,38.62071983
2016/4/30,27.58622845
2016/5/1,46.89658836
2016/5/2,33.10347414
2016/5/3,30.34485129
2016/5/4,41.37934267
2016/5/6,38.62071983
2016/5/7,27.58622845
2016/5/8,24.8276056
2016/5/9,16.55173707
2016/5/10,22.06898276
2016/5/11,13.79311422
2016/5/12,0
2016/5/13,5.51724569
2016/5/14,8.275868534
2016/5/15,38.62071983
2016/5/16,33.10347414
2016/5/17,13.79311422
2016/5/18,13.79311422
2016/5/19,2.758622845
2016/5/21,16.55173707
2016/5/22,8.275868534
2016/5/23,0
2016/5/24,0
2016/5/25,0
2016/5/26,0
2016/5/27,0
2016/5/28,0
2016/5/29,0
2016/5/30,0
2016/5/31,0
2016/6/1,0
2016/6/2,0
2016/6/3,0
2016/6/4,0
2016/6/5,0
2016/6/6,0
2016/6/7,0
2016/6/8,11.03449138
2016/6/9,5.51724569
2016/6/10,0
2016/6/11,0
2016/6/12,0
2016/6/13,0
2016/6/14,0
2016/6/15,0
2016/6/16,0
2016/6/17,0
2016/6/18,0
2016/6/19,0
2016/6/20,0
2016/6/21,0
2016/6/22,0
2016/6/23,0
2016/6/24,0
2016/6/25,0
2016/6/26,0
2016/6/27,0
2016/6/28,0
2016/6/29,0
2016/6/30,0
2016/7/1,0
2016/7/2,0
2016/7/3,0
2016/7/4,0
2016/7/5,0
2016/7/6,0
2016/7/7,0
2016/7/8,0
2016/7/9,0
2016/7/10,0
2016/7/11,0
2016/7/12,0
2016/7/13,0
2016/7/14,0
2016/7/15,0
2016/7/16,0
2016/7/17,0
2016/7/18,0
2016/7/19,0
2016/7/20,0
2016/7/21,0
2016/7/22,0
2016/7/23,0
2016/7/24,0
2016/7/25,0
2016/7/26,0
2016/7/27,0
2016/7/28,0
2016/7/29,0
2016/7/30,0
2016/7/31,0
2016/8/1,0
2016/8/2,0
2016/8/3,0
2016/8/4,0
2016/8/5,0
2016/8/6,0
2016/8/7,0
2016/8/8,0
2016/8/9,0
2016/8/10,0
2016/8/11,0
2016/8/12,0
2016/8/13,0
2016/8/14,0
2016/8/15,0
2016/8/16,0
2016/8/17,0
2016/8/18,0
2016/8/19,0
2016/8/20,0
2016/8/21,0
2016/8/22,0
2016/8/23,0
2016/8/24,0
2016/8/25,0
2016/8/26,0
2016/8/27,0
2016/8/28,0
2016/8/29,0
2016/8/30,0
2016/8/31,0
2016/9/1,0
2016/9/2,0
2016/9/3,0
2016/9/4,0
2016/9/5,0
2016/9/6,0
2016/9/7,0
2016/9/8,0
2016/9/9,0
2016/9/10,0
2016/9/11,0
2016/9/12,0
2016/9/13,0
2016/9/14,0
2016/9/15,0
2016/9/16,0
2016/9/17,0
2016/9/18,0
2016/9/19,0
2016/9/20,0
2016/9/21,0
2016/9/22,0
2016/9/23,0
2016/9/24,2.758622845
2016/9/25,11.03449138
2016/9/26,11.03449138
2016/9/27,0
2016/9/28,11.03449138
2016/9/29,11.03449138
2016/9/30,16.55173707
2016/10/1,16.55173707
2016/10/2,16.55173707
2016/10/3,0
2016/10/4,0
2016/10/5,13.79311422
2016/10/6,8.275868534
2016/10/7,2.758622845
2016/10/8,13.79311422
2016/10/9,16.55173707
2016/10/10,24.8276056
2016/10/11,35.86209698
2016/10/12,22.06898276
2016/10/13,16.55173707
2016/10/14,30.34485129
2016/10/15,35.86209698
2016/10/16,19.31035991
2016/10/17,0
2016/10/18,0
2016/10/19,0
2016/10/20,2.758622845
2016/10/21,0
2016/10/22,35.86209698
2016/10/23,33.10347414
2016/10/24,33.10347414
2016/10/25,49.65521121
2016/10/26,57.93107974
2016/10/27,52.41383405
2016/10/28,55.1724569
2016/10/29,44.13796552
2016/10/30,0
2016/10/31,46.89658836
2016/11/1,46.89658836
2016/11/2,5.51724569
2016/11/3,2.758622845
2016/11/4,30.34485129
2016/11/5,41.37934267
2016/11/6,41.37934267
2016/11/7,49.65521121
2016/11/8,38.62071983
2016/11/9,35.86209698
2016/11/10,38.62071983
2016/11/11,35.86209698
2016/11/12,63.44832543
2016/11/13,44.13796552
2016/11/14,52.41383405
2016/11/15,41.37934267
2016/11/16,35.86209698
2016/11/17,35.86209698
2016/11/18,30.34485129
2016/11/19,41.37934267
2016/11/20,74.48281681
2016/11/21,74.48281681
2016/11/22,71.72419397
2016/11/23,68.96557112
2016/11/24,63.44832543
2016/11/25,44.13796552
2016/11/26,55.1724569
2016/11/27,60.68970259
2016/11/28,66.20694828
2016/11/29,19.31035991
2016/11/30,33.10347414
2016/12/1,46.89658836
2016/12/2,57.93107974
2016/12/3,57.93107974
2016/12/4,63.44832543
2016/12/5,60.68970259
2016/12/6,71.72419397
2016/12/7,60.68970259
2016/12/8,71.72419397
2016/12/9,82.75868534
2016/12/10,96.55179957
2016/12/11,96.55179957
2016/12/12,74.48281681
2016/12/13,74.48281681
2016/12/14,82.75868534
2016/12/15,110.3449138
2016/12/16,118.6207823
2016/12/17,96.55179957
2016/12/18,60.68970259
2016/12/19,110.3449138
2016/12/20,107.5862909
2016/12/21,93.79317672
2016/12/22,68.96557112
2016/12/23,71.72419397
2016/12/24,66.20694828
2016/12/25,63.44832543
2016/12/26,77.24143966
2016/12/27,44.13796552
2016/12/28,91.03455388
2016/12/29,82.75868534
2016/12/30,82.75868534
2016/12/31,85.51730819
2017/1/1,68.96557112
2017/1/2,82.75868534
2017/1/3,66.20694828
2017/1/4,60.68970259
2017/1/5,96.55179957
2017/1/6,99.31042241
2017/1/7,118.6207823
2017/1/8,126.8966509
2017/1/9,135.1725194
2017/1/10,102.0690453
2017/1/11,49.65521121
2017/1/12,22.06898276
2017/1/13,46.89658836
2017/1/14,93.79317672
2017/1/15,88.27593103
2017/1/16,82.75868534
2017/1/17,68.96557112
2017/1/18,66.20694828
2017/1/19,66.20694828
2017/1/20,60.68970259
2017/1/21,52.41383405
2017/1/22,46.89658836
2017/1/23,66.20694828
2017/1/24,74.48281681
2017/1/25,55.1724569
2017/1/26,41.37934267
2017/1/27,68.96557112
2017/1/28,77.24143966
2017/1/29,77.24143966
2017/1/30,88.27593103
2017/1/31,99.31042241
2017/2/1,74.48281681
2017/2/2,74.48281681
2017/2/3,96.55179957
2017/2/4,102.0690453
2017/2/5,82.75868534
2017/2/6,60.68970259
2017/2/7,77.24143966
2017/2/8,44.13796552
2017/2/9,93.79317672
2017/2/10,110.3449138
2017/2/11,71.72419397
2017/2/12,82.75868534
2017/2/13,80.0000625
2017/2/14,85.51730819
2017/2/15,71.72419397
2017/2/16,88.27593103
2017/2/17,82.75868534
2017/2/18,49.65521121
2017/2/19,33.10347414
2017/2/20,49.65521121
2017/2/21,68.96557112
2017/2/22,41.37934267
2017/2/23,33.10347414
2017/2/24,11.03449138
2017/2/25,24.8276056
2017/2/26,66.20694828
2017/2/27,60.68970259
2017/2/28,35.86209698
2017/3/1,5.51724569
2017/3/2,44.13796552
2017/3/3,91.03455388
2017/3/4,113.1035366
2017/3/5,107.5862909
2017/3/6,80.0000625
2017/3/7,44.13796552
2017/3/8,27.58622845
2017/3/9,27.58622845
2017/3/10,80.0000625
2017/3/11,115.8621595
2017/3/12,110.3449138
2017/3/13,96.55179957
2017/3/14,104.8276681
2017/3/15,115.8621595
2017/3/16,91.03455388
2017/3/17,74.48281681
2017/3/18,88.27593103
2017/3/19,66.20694828
2017/3/20,63.44832543
2017/3/21,41.37934267
2017/3/22,82.75868534
2017/3/23,85.51730819
2017/3/24,57.93107974
2017/3/25,38.62071983
2017/3/26,66.20694828
2017/3/27,49.65521121
2017/3/28,55.1724569
2017/3/29,44.13796552
2017/3/30,57.93107974
2017/3/31,68.96557112
2017/4/1,63.44832543
2017/4/2,38.62071983
2017/4/3,33.10347414
2017/4/4,44.13796552
2017/4/5,33.10347414
2017/4/6,44.13796552
2017/4/7,57.93107974
2017/4/8,49.65521121
2017/4/9,35.86209698
2017/4/10,8.275868534
2017/4/11,0
2017/4/12,0
2017/4/13,22.06898276
2017/4/14,24.8276056
2017/4/15,24.8276056
2017/4/16,0
2017/4/17,0
2017/4/18,16.55173707
2017/4/19,38.62071983
2017/4/20,16.55173707
2017/4/21,35.86209698
2017/4/22,35.86209698
2017/4/23,24.8276056
2017/4/24,35.86209698
2017/4/25,30.34485129
2017/4/26,22.06898276
2017/4/27,2.758622845
2017/4/28,0
2017/4/29,0
2017/4/30,16.55173707
2017/5/1,11.03449138
2017/5/2,0
2017/5/3,22.06898276
2017/5/4,30.34485129
2017/5/5,24.8276056
2017/5/6,16.55173707
2017/5/7,38.62071983
2017/5/8,41.37934267
2017/5/9,33.10347414
2017/5/10,22.06898276
2017/5/11,30.34485129
2017/5/12,33.10347414
2017/5/13,44.13796552
2017/5/14,24.8276056
2017/5/15,11.03449138
2017/5/16,0
2017/5/17,0
2017/5/18,0
2017/5/19,0
2017/5/20,16.55173707
2017/5/21,16.55173707
2017/5/22,19.31035991
2017/5/23,2.758622845
2017/5/24,5.51724569
2017/5/25,22.06898276
2017/5/26,0
2017/5/27,2.758622845
2017/5/28,5.51724569
2017/5/29,19.31035991
2017/5/30,11.03449138
2017/5/31,0
2017/6/1,0
2017/6/2,0
2017/6/3,5.51724569
2017/6/4,11.03449138
2017/6/5,5.51724569
2017/6/6,27.58622845
2017/6/7,13.79311422
2017/6/8,2.758622845
2017/6/9,0
2017/6/10,0
2017/6/11,0
2017/6/12,0
2017/6/13,0
2017/6/14,0
2017/6/15,0
2017/6/16,0
2017/6/17,0
2017/6/18,0
2017/6/19,0
2017/6/20,0
2017/6/21,0
2017/6/22,0
2017/6/23,0
2017/6/24,0
2017/6/25,0
2017/6/26,0
2017/6/27,0
2017/6/28,0
2017/6/29,0
2017/6/30,0
2017/7/1,0
2017/7/2,0
2017/7/3,0
2017/7/4,0
2017/7/5,0
2017/7/6,0
2017/7/7,0
2017/7/8,0
2017/7/9,0
2017/7/10,0
2017/7/11,0
2017/7/12,0
2017/7/13,0
2017/7/14,0
2017/7/15,179.3104849
2017/7/16,179.3104849
2017/7/17,179.3104849
2017/7/18,0
2017/7/19,0
2017/7/20,0
2017/7/21,0
2017/7/22,0
2017/7/23,0
2017/7/24,0
2017/7/25,0
2017/7/26,0
2017/7/27,0
2017/7/28,0
2017/7/29,0
2017/7/30,0
2017/7/31,0
2017/8/1,0
2017/8/2,0
2017/8/3,0
2017/8/4,0
2017/8/5,0
2017/8/6,0
2017/8/7,0
2017/8/8,0
2017/8/9,0
2017/8/10,0
2017/8/11,0
2017/8/12,0
2017/8/13,0
2017/8/14,0
2017/8/15,0
2017/8/16,0
2017/8/17,0
2017/8/18,0
2017/8/19,0
2017/8/20,0
2017/8/21,0
2017/8/22,0
2017/8/23,0
2017/8/24,0
2017/8/25,0
2017/8/26,0
2017/8/27,0
2017/8/28,0
2017/8/29,0
2017/8/30,0
2017/8/31,0
2017/9/1,8.275868534
2017/9/2,16.55173707
2017/9/3,0
2017/9/4,0
2017/9/5,0
2017/9/6,0
2017/9/7,0
2017/9/8,2.758622845
2017/9/9,13.79311422
2017/9/10,5.51724569
2017/9/11,0
2017/9/12,0
2017/9/13,0
2017/9/14,0
2017/9/15,0
2017/9/16,0
2017/9/17,0
2017/9/18,0
2017/9/19,0
2017/9/20,0
2017/9/21,0
2017/9/22,0
2017/9/23,0
2017/9/24,0
2017/9/25,0
2017/9/26,0
2017/9/27,0
2017/9/28,0
2017/9/29,8.275868534
2017/9/30,16.55173707
2017/10/1,19.31035991
2017/10/2,11.03449138
2017/10/3,11.03449138
2017/10/4,2.758622845
2017/10/5,0
2017/10/6,0
2017/10/7,0
2017/10/8,0
2017/10/9,0
2017/10/10,0
2017/10/11,0
2017/10/12,13.79311422
2017/10/13,16.55173707
2017/10/14,0
2017/10/15,0
2017/10/16,22.06898276
2017/10/17,41.37934267
2017/10/18,16.55173707
2017/10/19,11.03449138
2017/10/20,11.03449138
2017/10/21,2.758622845
2017/10/22,2.758622845
2017/10/23,0
2017/10/24,0
2017/10/25,5.51724569
2017/10/26,27.58622845
2017/10/27,35.86209698
2017/10/28,24.8276056
2017/10/29,0
2017/10/30,33.10347414
2017/10/31,41.37934267
2017/11/1,52.41383405
2017/11/2,0
2017/11/3,2.758622845
2017/11/4,46.89658836
2017/11/5,24.8276056
2017/11/6,22.06898276
2017/11/7,57.93107974
2017/11/8,55.1724569
2017/11/9,49.65521121
2017/11/10,74.48281681
2017/11/11,93.79317672
2017/11/12,77.24143966
2017/11/13,63.44832543
2017/11/14,68.96557112
2017/11/15,57.93107974
2017/11/16,41.37934267
2017/11/17,68.96557112
2017/11/18,68.96557112
2017/11/19,46.89658836
2017/11/20,66.20694828
2017/11/21,49.65521121
2017/11/22,57.93107974
2017/11/23,77.24143966
2017/11/24,71.72419397
2017/11/25,57.93107974
2017/11/26,60.68970259
2017/11/27,60.68970259
2017/11/28,57.93107974
2017/11/29,35.86209698
2017/11/30,66.20694828
2017/12/1,60.68970259
2017/12/2,71.72419397
2017/12/3,60.68970259
2017/12/4,63.44832543
2017/12/5,22.06898276
2017/12/6,46.89658836
2017/12/7,71.72419397
2017/12/8,80.0000625
2017/12/9,91.03455388
2017/12/10,88.27593103
2017/12/11,77.24143966
2017/12/12,68.96557112
2017/12/13,107.5862909
2017/12/14,104.8276681
2017/12/15,115.8621595
2017/12/16,104.8276681
2017/12/17,82.75868534
2017/12/18,68.96557112
2017/12/19,41.37934267
2017/12/20,68.96557112
2017/12/21,82.75868534
2017/12/22,68.96557112
2017/12/23,63.44832543
2017/12/24,77.24143966
2017/12/25,91.03455388
2017/12/26,110.3449138
2017/12/27,121.3794052
2017/12/28,137.9311422
2017/12/29,135.1725194
2017/12/30,121.3794052
2017/12/31,140.6897651
2018/1/1,143.4483879
2018/1/2,124.138028
2018/1/3,126.8966509
2018/1/4,113.1035366
2018/1/5,140.6897651
2018/1/6,154.4828793
2018/1/7,151.7242565
2018/1/8,113.1035366
2018/1/9,85.51730819
2018/1/10,99.31042241
2018/1/11,55.1724569
2018/1/12,30.34485129
2018/1/13,71.72419397
2018/1/14,124.138028
2018/1/15,115.8621595
2018/1/16,96.55179957
2018/1/17,102.0690453
2018/1/19,99.31042241
2018/1/20,71.72419397
2018/1/21,66.20694828
2018/1/22,60.68970259
2018/1/23,41.37934267
2018/1/24,82.75868534
2018/1/25,99.31042241
2018/1/26,91.03455388
2018/1/27,68.96557112
2018/1/28,49.65521121
2018/1/29,68.96557112
2018/1/31,107.5862909
2018/2/1,71.72419397
2018/2/2,102.0690453
2018/2/3,115.8621595
2018/2/4,82.75868534
2018/2/5,93.79317672
2018/2/6,93.79317672
2018/2/7,80.0000625
2018/2/8,99.31042241
2018/2/9,99.31042241
2018/2/10,68.96557112
2018/2/11,44.13796552
2018/2/12,49.65521121
2018/2/13,88.27593103
2018/2/14,55.1724569
2018/2/15,30.34485129
2018/2/16,49.65521121
2018/2/17,85.51730819
2018/2/18,77.24143966
2018/2/19,68.96557112
2018/2/20,22.06898276
2018/2/21,0
2018/2/22,46.89658836
2018/2/23,68.96557112
2018/2/24,46.89658836
2018/2/25,63.44832543
2018/2/26,52.41383405
2018/2/27,57.93107974
2018/2/28,44.13796552
2018/3/1,38.62071983
2018/3/2,68.96557112
2018/3/3,66.20694828
2018/3/4,71.72419397
2018/3/5,74.48281681
2018/3/6,71.72419397
2018/3/7,80.0000625
2018/3/8,80.0000625
2018/3/9,77.24143966
2018/3/10,82.75868534
2018/3/11,74.48281681
2018/3/12,77.24143966
2018/3/13,77.24143966
2018/3/14,82.75868534
2018/3/15,68.96557112
2018/3/16,82.75868534
2018/3/17,74.48281681
2018/3/18,80.0000625
2018/3/19,74.48281681
2018/3/20,82.75868534
2018/3/21,82.75868534
2018/3/22,63.44832543
2018/3/23,63.44832543
2018/3/24,63.44832543
2018/3/25,74.48281681
2018/3/26,71.72419397
2018/3/27,71.72419397
2018/3/28,44.13796552
2018/3/29,35.86209698
2018/3/30,38.62071983
2018/3/31,49.65521121
2018/4/1,41.37934267
2018/4/2,77.24143966
2018/4/3,77.24143966
2018/4/4,49.65521121
2018/4/5,71.72419397
2018/4/6,49.65521121
2018/4/7,60.68970259
2018/4/8,74.48281681
2018/4/9,68.96557112
2018/4/10,57.93107974
2018/4/11,63.44832543
2018/4/12,41.37934267
2018/4/13,0
2018/4/14,11.03449138
2018/4/15,66.20694828
2018/4/16,38.62071983
2018/4/17,63.44832543
2018/4/18,52.41383405
2018/4/19,63.44832543
2018/4/20,60.68970259
2018/4/21,49.65521121
2018/4/22,38.62071983
2018/4/23,33.10347414
2018/4/24,33.10347414
2018/4/25,27.58622845
2018/4/26,2.758622845
2018/4/27,33.10347414
2018/4/28,24.8276056
2018/4/29,38.62071983
2018/4/30,49.65521121
2018/5/1,5.51724569
2018/5/2,0
2018/5/3,0
2018/5/4,0
2018/5/5,0
2018/5/6,8.275868534
2018/5/7,0
2018/5/8,5.51724569
2018/5/9,0
2018/5/10,2.758622845
2018/5/11,0
2018/5/12,22.06898276
2018/5/13,33.10347414
2018/5/14,11.03449138
2018/5/15,0
2018/5/16,11.03449138
2018/5/17,0
2018/5/18,13.79311422
2018/5/19,33.10347414
2018/5/20,0
2018/5/21,0
2018/5/22,0
2018/5/23,0
2018/5/24,0
2018/5/25,0
2018/5/26,0
2018/5/27,0
2018/5/28,0
2018/5/29,0
2018/5/30,0
2018/5/31,0
2018/6/1,0
2018/6/2,0
2018/6/3,13.79311422
2018/6/4,8.275868534
2018/6/5,0
2018/6/6,2.758622845
2018/6/7,0
2018/6/8,0
2018/6/9,0
2018/6/10,0
2018/6/11,0
2018/6/12,0
2018/6/13,0
2018/6/14,0
2018/6/15,0
2018/6/16,0
2018/6/17,0
2018/6/18,0
2018/6/19,0
2018/6/20,0
2018/6/21,0
2018/6/22,0
2018/6/23,0
2018/6/24,0
2018/6/25,0
2018/6/26,0
2018/6/27,0
2018/6/28,0
2018/6/29,0
2018/6/30,0
2018/7/1,0
2018/7/2,0
2018/7/3,0
2018/7/4,0
2018/7/5,0
2018/7/6,0
2018/7/7,0
2018/7/8,0
2018/7/9,0
2018/7/10,0
2018/7/11,0
2018/7/12,0
2018/7/13,0
2018/7/14,0
2018/7/15,0
2018/7/16,0
2018/7/17,0
2018/7/18,0
2018/7/19,0
2018/7/20,0
2018/7/21,0
2018/7/22,0
2018/7/23,0
2018/7/24,0
2018/7/25,0
2018/7/26,0
2018/7/27,0
2018/7/28,0
2018/7/29,0
2018/7/30,0
2018/7/31,0
2018/8/1,0
2018/8/2,0
2018/8/3,0
2018/8/4,0
2018/8/5,0
2018/8/6,0
2018/8/7,0
2018/8/8,0
2018/8/9,0
2018/8/10,0
2018/8/11,0
2018/8/12,0
2018/8/13,0
2018/8/14,0
2018/8/15,0
2018/8/16,0
2018/8/17,0
2018/8/18,0
2018/8/19,0
2018/8/20,0
2018/8/21,0
2018/8/22,0
2018/8/23,0
2018/8/24,0
2018/8/25,0
2018/8/26,0
2018/8/27,0
2018/8/28,0
2018/8/29,0
2018/8/30,0
2018/8/31,0
2018/9/1,0
2018/9/2,0
2018/9/3,0
2018/9/4,0
2018/9/5,0
2018/9/6,0
2018/9/7,0
2018/9/8,0
2018/9/9,19.31035991
2018/9/10,19.31035991
2018/9/11,0
2018/9/12,0
2018/9/13,0
2018/9/14,0
2018/9/15,0
2018/9/16,0
2018/9/17,0
2018/9/18,0
2018/9/19,0
2018/9/20,0
2018/9/21,0
2018/9/22,0
2018/9/23,5.51724569
2018/9/24,5.51724569
2018/9/25,2.758622845
2018/9/26,0
2018/9/27,0
2018/9/28,13.79311422
2018/9/29,2.758622845
2018/9/30,8.275868534
2018/10/1,0
2018/10/2,0
2018/10/3,0
2018/10/4,0
2018/10/5,2.758622845
2018/10/6,0
2018/10/7,0
2018/10/8,0
2018/10/9,0
2018/10/10,0
2018/10/11,0
2018/10/12,16.55173707
2018/10/13,38.62071983
2018/10/14,35.86209698
2018/10/15,19.31035991
2018/10/16,33.10347414
2018/10/17,33.10347414
2018/10/18,55.1724569
2018/10/19,44.13796552
2018/10/20,22.06898276
2018/10/21,60.68970259
2018/10/22,60.68970259
2018/10/23,24.8276056
2018/10/24,44.13796552
2018/10/25,60.68970259
2018/10/26,66.20694828
2018/10/27,49.65521121
2018/10/28,44.13796552
2018/10/29,41.37934267
2018/10/30,49.65521121
2018/10/31,33.10347414
2018/11/1,0
2018/11/2,0
2018/11/3,24.8276056
2018/11/4,46.89658836
2018/11/5,46.89658836
2018/11/6,27.58622845
2018/11/7,24.8276056
2018/11/8,44.13796552
2018/11/9,57.93107974
2018/11/10,68.96557112
2018/11/11,74.48281681
2018/11/12,68.96557112
2018/11/13,55.1724569
2018/11/14,77.24143966
2018/11/15,91.03455388
2018/11/16,68.96557112
2018/11/17,60.68970259
2018/11/18,63.44832543
2018/11/19,55.1724569
2018/11/20,63.44832543
2018/11/21,77.24143966
2018/11/22,115.8621595
2018/11/23,115.8621595
2018/11/24,77.24143966
2018/11/25,41.37934267
2018/11/26,49.65521121
2018/11/27,66.20694828
2018/11/28,71.72419397
2018/11/29,63.44832543
2018/11/30,71.72419397
2018/12/1,74.48281681
2018/12/2,46.89658836
2018/12/3,41.37934267
2018/12/4,80.0000625
2018/12/5,96.55179957
2018/12/6,85.51730819
2018/12/7,91.03455388
2018/12/8,99.31042241
2018/12/9,91.03455388
2018/12/10,88.27593103
2018/12/11,91.03455388
2018/12/12,80.0000625
2018/12/13,85.51730819
2018/12/14,52.41383405
2018/12/15,44.13796552
2018/12/16,63.44832543
2018/12/17,63.44832543
2018/12/18,88.27593103
2018/12/19,82.75868534
2018/12/20,74.48281681
2018/12/21,22.06898276
2018/12/22,49.65521121
2018/12/23,68.96557112
2018/12/24,68.96557112
2018/12/25,80.0000625
2018/12/26,80.0000625
2018/12/27,68.96557112
2018/12/28,38.62071983
2018/12/29,49.65521121
2018/12/30,82.75868534
2018/12/31,74.48281681
2019/1/1,44.13796552
2019/1/2,68.96557112
2019/1/3,74.48281681
2019/1/4,74.48281681
2019/1/5,60.68970259
2019/1/6,68.96557112
2019/1/7,99.31042241
2019/1/8,74.48281681
2019/1/9,71.72419397
2019/1/10,93.79317672
2019/1/11,107.5862909
2019/1/12,104.8276681
2019/1/13,96.55179957
2019/1/14,107.5862909
2019/1/15,102.0690453
2019/1/16,85.51730819
2019/1/17,102.0690453
2019/1/18,85.51730819
2019/1/19,91.03455388
2019/1/20,104.8276681
2019/1/21,154.4828793
2019/1/22,115.8621595
2019/1/23,74.48281681
2019/1/24,52.41383405
2019/1/25,88.27593103
2019/1/26,102.0690453
2019/1/27,68.96557112
2019/1/28,96.55179957
2019/1/29,82.75868534
2019/1/30,124.138028
2019/1/31,151.7242565
2019/2/1,126.8966509
2019/2/2,107.5862909
2019/2/3,71.72419397
2019/2/4,55.1724569
